"ticker","name","brand"
"0004G0","1Q 미국배당TOP30","1Q"
"0046Y0","ACE 미국배당퀄리티","ACE"
"0049K0","ACE 미국배당퀄리티채권혼합50","ACE"
"0049M0","ACE 미국배당퀄리티+커버드콜액티브","ACE"
"0139P0","ACE 고배당주","ACE"
"0153P0","ACE 리츠부동산인프라액티브","ACE"
"0199C0","ACE 고배당주Plus커버드콜액티브","ACE"
"402970","ACE 미국배당다우존스","ACE"
"460960","ACE 글로벌인컴TOP10","ACE"
"480020","ACE 미국빅테크7+데일리타겟커버드콜(합성)","ACE"
"480030","ACE 미국500데일리타겟커버드콜(합성)","ACE"
"480040","ACE 미국반도체데일리타겟커버드콜(합성)","ACE"
"0189Z0","DAISHIN343 금융&지주고배당","DAISHIN343"
"0073X0","FOCUS 알리바바미국채커버드콜혼합","FOCUS"
"0176P0","FOCUS AI반도체위클리고정커버드콜","FOCUS"
"0111J0","HANARO 증권고배당TOP3플러스","HANARO"
"322410","HANARO K고배당","HANARO"
"0097L0","KIWOOM 한국고배당&미국AI테크","KIWOOM"
"0107F0","KIWOOM 미국고배당&AI테크","KIWOOM"
"0127T0","KIWOOM 미국S&P500&배당다우존스비중전환","KIWOOM"
"0127V0","KIWOOM 미국S&P500 TOP10&배당다우비중전환","KIWOOM"
"0198A0","KIWOOM 코스닥150커버드콜액티브","KIWOOM"
"104530","KIWOOM 코리아고배당","KIWOOM"
"373790","KIWOOM 미국방어배당성장나스닥","KIWOOM"
"0222D0","KoAct 고배당액티브","KoAct"
"476850","KoAct 배당성장액티브","KoAct"
"0089D0","KODEX 금융고배당TOP10","KODEX"
"0153K0","KODEX 주주환원고배당주","KODEX"
"237370","KODEX 코리아배당성장채권혼합","KODEX"
"276970","KODEX 미국S&P500배당귀족커버드콜(합성 H)","KODEX"
"441640","KODEX 미국배당커버드콜액티브","KODEX"
"481060","KODEX 미국30년국채타겟커버드콜(합성 H)","KODEX"
"489250","KODEX 미국배당다우존스","KODEX"
"498400","KODEX 200타겟위클리커버드콜","KODEX"
"0018C0","PLUS 고배당주위클리고정커버드콜","PLUS"
"0098N0","PLUS 자사주매입고배당주","PLUS"
"0128D0","PLUS 차이나항셍테크위클리타겟커버드콜","PLUS"
"0132K0","PLUS 테슬라위클리커버드콜채권혼합","PLUS"
"0153X0","PLUS 미국고배당주액티브","PLUS"
"0203D0","PLUS 200위클리커버드콜채권혼합","PLUS"
"0210E0","PLUS 200커버드콜액티브","PLUS"
"161510","PLUS 고배당주","PLUS"
"213630","PLUS 미국다우존스고배당주(합성 H)","PLUS"
"251590","PLUS 고배당저변동50","PLUS"
"251600","PLUS 고배당주채권혼합","PLUS"
"489030","PLUS 고배당주위클리커버드콜","PLUS"
"494420","PLUS 미국배당증가성장주데일리커버드콜","PLUS"
"0094M0","RISE 코리아밸류업위클리고정커버드콜","RISE"
"0115C0","RISE 미국고배당다우존스TOP10","RISE"
"0138T0","RISE 미국S&P500데일리고정커버드콜","RISE"
"0223A0","RISE 코스닥커버드콜액티브","RISE"
"315960","RISE 대형고배당10TR","RISE"
"354240","RISE 미국고정배당우선증권","RISE"
"490600","RISE 미국배당100데일리고정커버드콜","RISE"
"498860","RISE 코리아금융고배당","RISE"
"0022T0","SOL 국제금커버드콜액티브","SOL"
"0040X0","SOL 팔란티어미국채커버드콜혼합","SOL"
"0040Y0","SOL 팔란티어커버드콜OTM채권혼합","SOL"
"0105E0","SOL 코리아고배당","SOL"
"0152E0","SOL 배당성향탑픽액티브","SOL"
"0167B0","SOL 200타겟위클리커버드콜","SOL"
"446720","SOL 미국배당다우존스","SOL"
"452360","SOL 미국배당다우존스(H)","SOL"
"473330","SOL 미국30년국채커버드콜(합성)","SOL"
"484880","SOL 금융지주플러스고배당","SOL"
"490490","SOL 미국배당미국채혼합50","SOL"
"493420","SOL 미국배당다우존스2호","SOL"
"494210","SOL 미국500타겟데일리커버드콜액티브","SOL"
"210780","TIGER 코스피고배당","TIGER"
"211560","TIGER 배당성장","TIGER"
"245350","TIGER 유로스탁스배당30","TIGER"
"445910","TIGER MKF배당귀족","TIGER"
"0036D0","TIME 미국배당다우존스액티브","TIME"
"441800","TIME Korea플러스배당액티브","TIME"
"192720","파워 고배당저변동성","파워"
