ticker,standard_code,fund_name,fund_type,base_date,issuer
0000H0,K55105EG1976,삼성KODEX인도Nifty미드캡100증권상장지수투자신탁[주식-파생형],주식파생형,20250404,삼성자산운용
0000J0,K55213EG3153,한화PLUS한화그룹주증권상장지수투자신탁(주식),주식형,20241223,한화자산운용
0000Y0,K55224EH0304,흥국HK26-12회사채(AA-이상)액티브증권상장지수투자신탁[채권],채권형,20241223,흥국자산운용
0000Z0,K55223EG4761,KBRISE바이오TOP10액티브증권상장지수투자신탁(주식),주식형,20241223,케이비자산운용
0001P0,K55216EG6021,DB마이티바이오시밀러&amp;CDMO액티브증권상장지수투자신탁[주식],주식형,20241220,디비자산운용
0002C0,K55364ED4870,에셋플러스에셋플러스인도일등기업포커스20액티브증권상장지수투자신탁(주식),주식형,20250221,에셋플러스자산운용
0004G0,K55102EG6572,하나1Q미국배당TOP30증권상장지수투자신탁[주식],주식형,20250117,하나자산운용
0005A0,K55105EG1950,삼성KODEX미국S&amp;P500데일리커버드콜OTM증권상장지수투자신탁[주식-파생형],주식파생형,20250103,삼성자산운용
0005C0,K55223EG9927,KBRISE미국S&amp;P500엔화노출증권상장지수투자신탁(주식-파생형)(합성H),주식파생형,20250110,케이비자산운용
0005D0,K55210EG4402,신한SOL전고체배터리&amp;실리콘음극재증권상장지수투자신탁[주식],주식형,20250106,신한자산운용
0005G0,K55234EG3166,IBKIBKK-AI반도체코어테크증권상장지수투자신탁[주식],주식형,20250120,아이비케이자산운용
0007F0,K55105EG9086,삼성KODEX27-12회사채(AA-이상)액티브증권상장지수투자신탁[채권],채권형,20250110,삼성자산운용
0007G0,K55213EG9010,한화PLUS글로벌원자력밸류체인증권상장지수투자신탁(주식형),주식형,20250110,한화자산운용
0007N0,K55368EH4351,iM에셋아이엠에셋200증권상장지수투자신탁(주식),주식형,20250210,아이엠에셋자산운용
0008E0,K55101EH5038,한국투자ACE미국중심중소형제조업증권상장지수투자신탁(주식),주식형,20250117,한국투자신탁운용
0008S0,K55301EG7256,미래에셋TIGER미국배당다우존스타겟데일리커버드콜증권상장지수투자신탁(주식),주식형,20250117,미래에셋자산운용
0008T0,K55210EG9039,신한SOL화장품TOP3플러스증권상장지수투자신탁[주식],주식형,20250120,신한자산운용
0013P0,K55223EH4240,KBRISE미국은행TOP10증권상장지수투자신탁(주식),주식형,20250214,케이비자산운용
0015B0,K553N9EH5654,삼성액티브KoAct미국나스닥성장기업액티브증권상장지수투자신탁[주식],주식형,20250221,삼성액티브자산운용
0015E0,K55206EI0479,키움KIWOOM엔비디아미국30년국채혼합액티브증권상장지수투자신탁[채권혼합](H),혼합채권형,20250207,키움투자자산운용
0015F0,K55206EI0487,키움KIWOOM팔란티어미국30년국채혼합액티브증권상장지수투자신탁[채권혼합](H),혼합채권형,20250207,키움투자자산운용
0015K0,K55301EH0516,미래에셋TIGER미국소비트렌드액티브증권상장지수투자신탁(주식),주식형,20250214,미래에셋자산운용
0016X0,K55210EH5770,신한SOL중단기회사채(A-이상)액티브증권상장지수투자신탁[채권],채권형,20250217,신한자산운용
0017Y0,K55102EI0573,하나1Q종합채권(AA-이상)액티브증권상장지수투자신탁[채권],채권형,20250224,하나자산운용
0018C0,K55213EH5827,한화PLUS고배당주위클리고정커버드콜증권상장지수투자신탁(주식-파생형),주식파생형,20250304,한화자산운용
0018Z0,K55223EI0494,KBRISE미국양자컴퓨팅증권상장지수투자신탁(주식),주식형,20250307,케이비자산운용
0019K0,K553J1EI5410,타임폴리오TIME미국나스닥100채권혼합50액티브증권상장지수투자신탁(채권혼합),혼합채권형,20250324,타임폴리오자산운용
0020H0,K553N9EH9532,삼성액티브KoAct글로벌양자컴퓨팅액티브증권상장지수투자신탁[주식],주식형,20250307,삼성액티브자산운용
0022T0,K55210EH0144,신한SOL국제금커버드콜액티브특별자산상장지수투자신탁[금-파생재간접형],특별자산파생,20250307,신한자산운용
0023A0,K55210EE4925,신한SOL미국양자컴퓨팅TOP10증권상장지수투자신탁[주식],주식형,20250307,신한자산운용
0023B0,K55213EI2682,한화PLUS미국양자컴퓨팅TOP10증권상장지수투자신탁(주식),주식형,20250307,한화자산운용
0026E0,K55105EH1736,삼성KODEX미국S&amp;P500버퍼3월액티브증권상장지수투자신탁[주식-파생형],주식파생형,20250321,삼성자산운용
0026S0,K55102EI0342,하나1Q미국S&amp;P500증권상장지수투자신탁[주식],주식형,20250314,하나자산운용
0028X0,K55105EI2691,삼성KODEX미국금융테크액티브증권상장지수투자신탁[주식],주식형,20250522,삼성자산운용
0035T0,K55213EJ0693,한화PLUS글로벌휴머노이드로봇액티브증권상장지수투자신탁(주식),주식형,20250411,한화자산운용
0036R0,K55223EJ0170,KBRISE미국휴머노이드로봇증권상장지수투자신탁(주식),주식형,20250411,케이비자산운용
0036Z0,K55223EJ0162,KBRISE미국천연가스밸류체인증권상장지수투자신탁(주식),주식형,20250417,케이비자산운용
0038A0,K55105EI8383,삼성KODEX미국휴머노이드로봇증권상장지수투자신탁[주식],주식형,20250411,삼성자산운용
0040S0,K55232EK0689,NH-AmundiHANARO글로벌피지컬AI액티브증권상장지수투자신탁(주식),주식형,20250417,엔에이치아문디자산운용
0040X0,K55210EI9243,신한SOL팔란티어미국채커버드콜혼합증권상장지수투자신탁[채권혼합-파생재간접형],재간접파생형,20250418,신한자산운용
0040Y0,K55210EI9250,신한SOL팔란티어커버드콜OTM채권혼합증권상장지수투자신탁[채권혼합-파생형],혼합채권파생형,20250418,신한자산운용
0041D0,K55105EH7642,삼성KODEX미국AI소프트웨어TOP10증권상장지수투자신탁[주식],주식형,20250417,삼성자산운용
0041E0,K55105EJ6188,삼성KODEX미국S&amp;P500액티브증권상장지수투자신탁[주식],주식형,20250417,삼성자산운용
0043B0,K55301EI2420,미래에셋TIGER머니마켓액티브증권상장지수투자신탁(채권),채권형,20250416,미래에셋자산운용
0043Y0,K553J1EK6638,타임폴리오TIME차이나AI테크액티브증권상장지수투자신탁(주식),주식형,20250512,타임폴리오자산운용
0046A0,K55301EI9524,미래에셋TIGER미국초단기(3개월이하)국채증권상장지수투자신탁(채권-재간접형),재간접형,20250425,미래에셋자산운용
0046Y0,K55101EK7278,한국투자ACE미국배당퀄리티증권상장지수투자신탁(주식),주식형,20250509,한국투자신탁운용
0047A0,K55301EJ2577,미래에셋TIGER차이나테크TOP10증권상장지수투자신탁(주식),주식형,20250509,미래에셋자산운용
0047N0,K55213EJ9835,한화PLUS차이나AI테크TOP10증권상장지수투자신탁(주식),주식형,20250509,한화자산운용
0047P0,K55223EJ7027,KBRISE테슬라고정테크100증권상장지수투자신탁(주식),주식형,20250509,케이비자산운용
0047R0,K55223EJ7035,KBRISE팔란티어고정테크100증권상장지수투자신탁(주식),주식형,20250509,케이비자산운용
0048J0,K55105EK2846,삼성KODEX미국머니마켓액티브증권상장지수투자신탁[채권],채권형,20250509,삼성자산운용
0048K0,K55105EJ5511,삼성KODEX차이나휴머노이드로봇증권상장지수투자신탁[주식],주식형,20250512,삼성자산운용
0049K0,K55101EK7294,한국투자ACE미국배당퀄리티채권혼합50증권상장지수투자신탁(채권혼합),혼합채권형,20250509,한국투자신탁운용
0049M0,K55101EK7344,한국투자ACE미국배당퀄리티+커버드콜액티브증권상장지수투자신탁(주식-재간접형),재간접형,20250509,한국투자신탁운용
0050E0,K55213EJ2715,한화PLUS미국AI에이전트증권상장지수투자신탁(주식형),주식형,20250516,한화자산운용
0051A0,K553N9EJ5488,삼성액티브KoAct브로드컴밸류체인액티브증권상장지수투자신탁[주식],주식형,20250516,삼성액티브자산운용
0051G0,K55210EJ6834,신한SOL미국원자력SMR증권상장지수투자신탁[주식],주식형,20250516,신한자산운용
0052D0,K55301EK1139,미래에셋TIGER코리아배당다우존스증권상장지수투자신탁(주식),주식형,20250519,미래에셋자산운용
0052S0,K55102EK9976,하나1Q미국S&amp;P500미국채혼합50액티브증권상장지수투자신탁(채권혼합),혼합채권형,20250609,하나자산운용
0052T0,K55102EJ9938,하나1Q중단기회사채(A-이상)액티브증권상장지수투자신탁[채권],채권형,20250526,하나자산운용
0053L0,K55301EK0321,미래에셋TIGER차이나휴머노이드로봇증권상장지수투자신탁(주식),주식형,20250523,미래에셋자산운용
0053M0,K553H6EK8245,더제이더제이중소형포커스액티브증권상장지수투자신탁[주식],주식형,20250721,더제이자산운용
0057H0,K55213EK8776,한화PLUS미국S&amp;P500미국채혼합50액티브증권상장지수투자신탁(채권혼합-재간접형),재간접형,20250605,한화자산운용
0060H0,K55301EK7888,미래에셋TIGER토탈월드스탁액티브증권상장지수투자신탁(주식),주식형,20250620,미래에셋자산운용
0061Z0,K55223EJ5633,KBRISE단기특수은행채액티브증권상장지수투자신탁(채권),채권형,20250623,케이비자산운용
0064K0,K55105EK8983,삼성KODEX금액티브특별자산상장지수투자신탁[금-파생재간접형],특별자산파생,20250613,삼성자산운용
0065G0,K55105EK8991,삼성KODEX차이나테크TOP10증권상장지수투자신탁[주식],주식형,20250613,삼성자산운용
0066W0,K55210EK7169,신한SOL국제금특별자산상장지수투자신탁[금-재간접형],특별자산,20250613,신한자산운용
0067V0,K55301EL0767,미래에셋TIGER차이나글로벌리더스TOP3+증권상장지수투자신탁(주식),주식형,20250613,미래에셋자산운용
0067Y0,K55301EK5932,미래에셋TIGER차이나AI소프트웨어증권상장지수투자신탁(주식),주식형,20250613,미래에셋자산운용
0068M0,K55105EL1938,삼성KODEX미국S&amp;P500버퍼6월액티브증권상장지수투자신탁[주식-파생형],주식파생형,20250620,삼성자산운용
0069M0,K55102EL5296,하나1Q미국나스닥100증권상장지수투자신탁[주식],주식형,20250620,하나자산운용
0072R0,K55301EI4806,미래에셋TIGERKRX금현물특별자산상장지수투자신탁(금),특별자산,20250620,미래에셋자산운용
0074K0,K553N9EL0774,삼성액티브KoActK수출핵심기업TOP30액티브증권상장지수투자신탁[주식],주식형,20250707,삼성액티브자산운용
0078V0,K55213EL7496,한화PLUS미국로보택시증권상장지수투자신탁(주식),주식형,20250718,한화자산운용
0079X0,K55101EJ7669,한국투자ACEBYD밸류체인액티브증권상장지수투자신탁(주식),주식형,20250711,한국투자신탁운용
0080G0,K55105EL4742,삼성KODEX방산TOP10증권상장지수투자신탁[주식],주식형,20250714,삼성자산운용
0080X0,K55210EL7325,신한SOL미국S&amp;P500미국채혼합50증권상장지수투자신탁[채권혼합],혼합채권형,20250711,신한자산운용
0080Y0,K55210EL7416,신한SOL조선TOP3플러스레버리지증권상장지수투자신탁[주식-파생형],주식파생형,20250711,신한자산운용
0082F0,K55232EM2121,NH-AmundiHANARO유럽방산증권상장지수투자신탁[주식],주식형,20250725,엔에이치아문디자산운용
0083S0,K55102EM4231,하나1Q미국메디컬AI증권상장지수투자신탁[주식],주식형,20250718,하나자산운용
0085N0,K55101EL9174,한국투자ACE미국10년국채액티브증권상장지수투자신탁[채권](H),채권형,20250718,한국투자신탁운용
0085P0,K55101EL9166,한국투자ACE미국10년국채액티브증권상장지수투자신탁(채권),채권형,20250718,한국투자신탁운용
0086B0,K55301EL4868,미래에셋TIGER리츠부동산인프라TOP10액티브부동산상장지수투자신탁(재간접형),부동산,20250728,미래에셋자산운용
0087F0,K55101EM0842,한국투자ACE차이나AI빅테크TOP2+액티브증권상장지수투자신탁(주식),주식형,20250725,한국투자신탁운용
0088N0,K55107EN0027,우리WONK-글로벌수급상위증권상장지수투자신탁(주식),주식형,20250811,우리자산운용
0089B0,K55213EM5556,한화PLUS미국나스닥100미국채혼합50증권상장지수투자신탁(채권혼합),혼합채권형,20250814,한화자산운용
0089C0,K55105EH3997,삼성KODEX미국S&amp;P500변동성확대시커버드콜증권상장지수투자신탁[주식-파생형],주식파생형,20250808,삼성자산운용
0089D0,K55105EM2703,삼성KODEX금융고배당TOP10증권상장지수투자신탁[주식],주식형,20250811,삼성자산운용
0090B0,K55213EM5713,한화PLUSK방산소부장증권상장지수투자신탁(주식),주식형,20250825,한화자산운용
0091C0,K55105EM2711,삼성KODEX미국10년국채액티브증권상장지수투자신탁[채권-재간접형](H),재간접형,20250814,삼성자산운용
0091M0,K55232EN3029,NH-AmundiHANARO27-06회사채(AA-이상)액티브증권상장지수투자신탁(채권),채권형,20250825,엔에이치아문디자산운용
0091P0,K55301EM4685,미래에셋TIGER코리아원자력증권상장지수투자신탁(주식),주식형,20250818,미래에셋자산운용
0092B0,K55210EM3158,신한SOL한국원자력SMR증권상장지수투자신탁[주식],주식형,20250818,신한자산운용
0092C0,K55210EM3463,신한SOL27-12회사채(AA-이상)액티브증권상장지수투자신탁[채권],채권형,20250818,신한자산운용
0093A0,K55223EM4862,KBRISEAI반도체TOP10증권상장지수투자신탁(주식),주식형,20250825,케이비자산운용
0093B0,K55223EM3724,KBRISE엔비디아고정테크100증권상장지수투자신탁(주식),주식형,20250822,케이비자산운용
0093D0,K553N9EF9815,삼성액티브KoAct팔란티어밸류체인액티브증권상장지수투자신탁[주식],주식형,20250822,삼성액티브자산운용
0094K0,K55301EM5013,미래에셋TIGER28-04회사채(A+이상)액티브증권상장지수투자신탁(채권),채권형,20250822,미래에셋자산운용
0094L0,K55223EL4301,KBRISE차이나테크TOP10위클리타겟커버드콜증권상장지수투자신탁(주식-파생형),주식파생형,20250829,케이비자산운용
0094M0,K55223EM9762,KBRISE코리아밸류업위클리고정커버드콜증권상장지수투자신탁(주식-파생형),주식파생형,20250901,케이비자산운용
0094X0,K55102EN6979,하나1Q샤오미밸류체인액티브증권상장지수투자신탁[주식],주식형,20250829,하나자산운용
0097L0,K55206EN5646,키움KIWOOM한국고배당&amp;미국AI테크증권상장지수투자신탁[주식],주식형,20250829,키움투자자산운용
0098F0,K55105EN0391,삼성KODEX원자력SMR증권상장지수투자신탁[주식],주식형,20250915,삼성자산운용
0098N0,K55213EM9962,한화PLUS자사주매입고배당주증권상장지수투자신탁(주식),주식형,20250915,한화자산운용
0098Z0,K55104EN5177,브이아이FOCUS200증권상장지수투자신탁[주식],주식형,20250922,브이아이자산운용
0099L0,K55101EN6525,한국투자ACE우량회사채(AA-이상)액티브증권상장지수투자신탁(채권),채권형,20250908,한국투자신탁운용
0100K0,K55105EN0383,삼성KODEX방산TOP10레버리지증권상장지수투자신탁[주식-파생형],주식파생형,20250915,삼성자산운용
0101N0,K55223EN7310,KBRISEAI전력인프라증권상장지수투자신탁(주식),주식형,20250922,케이비자산운용
0102A0,K55301EM5526,미래에셋TIGER미국AI소프트웨어TOP4Plus증권상장지수투자신탁(주식),주식형,20250905,미래에셋자산운용
0102X0,K55101EN6293,한국투자ACE유럽방산TOP10증권상장지수투자신탁(주식),주식형,20250919,한국투자신탁운용
0103T0,K55102EN9924,하나1QK소버린AI증권상장지수투자신탁[주식],주식형,20250929,하나자산운용
0104G0,K55213EO3567,한화PLUSK방산레버리지증권상장지수투자신탁(주식-파생형),주식파생형,20250929,한화자산운용
0104H0,K553N9EG1423,삼성액티브KoAct미국나스닥채권혼합50액티브증권상장지수투자신탁[채권혼합],혼합채권형,20250926,삼성액티브자산운용
0104N0,K55301EN6416,미래에셋TIGER200타겟위클리커버드콜증권상장지수투자신탁(주식),주식형,20250919,미래에셋자산운용
0104P0,K55301EN6424,미래에셋TIGER코리아배당다우존스위클리커버드콜증권상장지수투자신탁(주식-파생형),주식파생형,20250919,미래에셋자산운용
0105D0,K55210EN5913,신한SOL한국AI소프트웨어증권상장지수투자신탁[주식],주식형,20250922,신한자산운용
0105E0,K55210EN5491,신한SOL코리아고배당증권상장지수투자신탁[주식],주식형,20250922,신한자산운용
0107F0,K55206EN6289,키움KIWOOM미국고배당&amp;AI테크증권상장지수투자신탁[주식],주식형,20250919,키움투자자산운용
0111J0,K55232EP4074,NH-AmundiHANARO증권고배당TOP3플러스증권상장지수투자신탁[주식],주식형,20251027,엔에이치아문디자산운용
0111P0,K55102EO1193,하나1Q미국나스닥100미국채혼합50액티브증권상장지수투자신탁[채권혼합],혼합채권형,20250926,하나자산운용
0112X0,K55216EP3761,DB마이티200TotalReturn증권상장지수투자신탁[주식],주식형,20251024,디비자산운용
0113D0,K553J1EP1634,타임폴리오TIME글로벌탑픽액티브증권상장지수투자신탁(주식-재간접형),재간접형,20251027,타임폴리오자산운용
0113G0,K553N9EP3964,삼성액티브KoAct미국바이오헬스케어액티브증권상장지수투자신탁[주식],주식형,20251107,삼성액티브자산운용
0113P0,K55224EO8480,흥국HK머니마켓액티브증권상장지수투자신탁[채권],채권형,20250929,흥국자산운용
0114X0,K55223EO3532,KBRISE글로벌게임테크TOP3Plus증권상장지수투자신탁(주식),주식형,20251017,케이비자산운용
0115C0,K55223EP0586,KBRISE미국고배당다우존스TOP10증권상장지수투자신탁(주식),주식형,20251017,케이비자산운용
0115D0,K55105EM8924,삼성KODEX조선TOP10증권상장지수투자신탁[주식],주식형,20251027,삼성자산운용
0115E0,K55105EN8626,삼성KODEX코리아소버린AI증권상장지수투자신탁[주식],주식형,20251020,삼성자산운용
0117L0,K55105EN8634,삼성KODEX26-12금융채(AA-이상)액티브증권상장지수투자신탁[채권],채권형,20251027,삼성자산운용
0117V0,K55301EO3131,미래에셋TIGER코리아AI전력기기TOP3플러스증권상장지수투자신탁(주식),주식형,20251020,미래에셋자산운용
0118S0,K55210EN6374,신한SOL미국넥스트테크TOP10액티브증권상장지수투자신탁[주식],주식형,20251024,신한자산운용
0118Z0,K55101EO4453,한국투자ACE미국AI테크핵심산업액티브증권상장지수투자신탁(주식),주식형,20251024,한국투자신탁운용
0119H0,K55105EN8642,삼성KODEX28-12회사채(AA-이상)액티브증권상장지수투자신탁[채권],채권형,20251103,삼성자산운용
0120J0,K55240EP9438,BNKBNK카카오그룹포커스증권상장지수투자신탁(주식),주식형,20251201,비엔케이자산운용
0122W0,K55223EP2954,KBRISE26-11회사채(AA-이상)액티브증권상장지수투자신탁(채권),채권형,20251117,케이비자산운용
0123G0,K55301EO8635,미래에셋TIGER미국AI전력SMR증권상장지수투자신탁(주식),주식형,20251031,미래에셋자산운용
0123S0,K55232EQ5039,NH-AmundiHANARO26-12은행채(AA+이상)액티브증권상장지수투자신탁[채권],채권형,20251215,엔에이치아문디자산운용
0127M0,K55101EP9626,한국투자ACE미국대형가치주액티브증권상장지수투자신탁(주식),주식형,20251107,한국투자신탁운용
0127P0,K55101EP9634,한국투자ACE미국대형성장주액티브증권상장지수투자신탁(주식),주식형,20251107,한국투자신탁운용
0127R0,K55223EP2913,KBRISE미국AI클라우드인프라증권상장지수투자신탁(주식),주식형,20251121,케이비자산운용
0127T0,K55206EN6347,키움KIWOOM미국S&amp;P500&amp;배당다우존스비중전환증권상장지수투자신탁[주식],주식형,20251107,키움투자자산운용
0128D0,K55213EP1719,한화PLUS차이나항셍테크위클리타겟커버드콜증권상장지수투자신탁(주식-파생형),주식파생형,20251114,한화자산운용
0131A0,K55210EP5036,신한SOL차이나소비트렌드증권상장지수투자신탁[주식],주식형,20251121,신한자산운용
0131V0,K55102EP3701,하나1Q미국우주항공테크증권상장지수투자신탁[주식],주식형,20251121,하나자산운용
0131W0,K55102EP6969,하나1Q단기특수은행채액티브증권상장지수투자신탁[채권],채권형,20251124,하나자산운용
0132D0,K553N9EP3691,삼성액티브KoAct글로벌K컬처밸류체인액티브증권상장지수투자신탁[주식],주식형,20251121,삼성액티브자산운용
0132H0,K55105EP4797,삼성KODEX미국원자력SMR증권상장지수투자신탁[주식],주식형,20251121,삼성자산운용
0132K0,K55213EP3905,한화PLUS테슬라위클리커버드콜채권혼합증권상장지수투자신탁(채권혼합-파생형),혼합채권파생형,20251205,한화자산운용
0133E0,K55301EP6877,미래에셋TIGER차이나증권증권상장지수투자신탁(주식),주식형,20260130,미래에셋자산운용
0135Y0,K55234EP3298,IBKIBK중기종합채권(AA-이상)액티브증권상장지수투자신탁[채권],채권형,20251215,아이비케이자산운용
0137V0,K55206EQ3044,키움KIWOOM미국S&amp;P500모멘텀증권상장지수투자신탁[주식],주식형,20251205,키움투자자산운용
0137W0,K55206EQ5684,키움KIWOOM미국S&amp;P500&amp;GOLD증권상장지수투자신탁[주식],주식형,20251205,키움투자자산운용
0138D0,K55223EO3508,KBRISE동학개미증권상장지수투자신탁(주식),주식형,20251215,케이비자산운용
0138T0,K55223EP9769,KBRISE미국S&amp;P500데일리고정커버드콜증권상장지수투자신탁(주식),주식형,20251219,케이비자산운용
0138Y0,K55213EQ4548,한화PLUS금채권혼합증권상장지수투자신탁(채권혼합-재간접형),재간접형,20251212,한화자산운용
0139P0,K55101EQ7660,한국투자ACE고배당주증권상장지수투자신탁(주식),주식형,20251215,한국투자신탁운용
0141S0,K55210EQ3030,신한SOL조선기자재증권상장지수투자신탁[주식],주식형,20251215,신한자산운용
0141T0,K55210EQ3055,신한SOL중기종합채권(AA-이상)액티브증권상장지수투자신탁[채권],채권형,20251215,신한자산운용
0142D0,K55301EQ2982,미래에셋TIGER미국AI데이터센터TOP4Plus증권상장지수투자신탁(주식),주식형,20251205,미래에셋자산운용
0144L0,K55105EP9606,삼성KODEX미국성장커버드콜액티브증권상장지수투자신탁[주식-파생형],주식파생형,20251219,삼성자산운용
0144M0,K55105EP9614,삼성KODEX미국드론UAMTOP10증권상장지수투자신탁[주식],주식형,20251219,삼성자산운용
0148J0,K55301EQ3394,미래에셋TIGER코리아휴머노이드로봇산업증권상장지수투자신탁(주식),주식형,20260105,미래에셋자산운용
0150K0,K553N9EQ9994,삼성액티브KoAct수소전력ESS인프라액티브증권상장지수투자신탁[주식],주식형,20260112,삼성액티브자산운용
0151P0,K55223ER2267,KBRISE코리아전략산업액티브증권상장지수투자신탁(주식),주식형,20260119,케이비자산운용
0151S0,K55105EQ8482,삼성KODEX미국AI반도체TOP3플러스증권상장지수투자신탁[주식],주식형,20260109,삼성자산운용
0152E0,K55210ER5141,신한SOL배당성향탑픽액티브증권상장지수투자신탁[주식],주식형,20260112,신한자산운용
0153K0,K55105EQ8490,삼성KODEX주주환원고배당주증권상장지수투자신탁[주식],주식형,20260119,삼성자산운용
0153P0,K55101EP9774,한국투자ACE리츠부동산인프라액티브부동산상장지수투자신탁(재간접형),부동산,20260119,한국투자신탁운용
0153X0,K55213ER2335,한화PLUS미국고배당주액티브증권상장지수투자신탁(주식),주식형,20260123,한화자산운용
0154F0,K55107EP7079,우리WON초대형IB&amp;금융지주증권상장지수투자신탁(주식),주식형,20260119,우리자산운용
0154H0,K553N9EM6598,삼성액티브KoAct차이나바이오헬스케어액티브증권상장지수투자신탁[주식],주식형,20260123,삼성액티브자산운용
0155M0,K55101ER4245,한국투자ACE미국SMR원자력TOP10증권상장지수투자신탁(주식),주식형,20260130,한국투자신탁운용
0155N0,K55232ES4162,NH-AmundiHANAROK휴머노이드테마TOP10증권상장지수투자신탁[주식],주식형,20260225,엔에이치아문디자산운용
0162L0,K55105ER7772,삼성KODEX차이나AI반도체TOP10증권상장지수투자신탁[주식],주식형,20260224,삼성자산운용
0162M0,K55105ER7764,삼성KODEX금융채1~2년(AA-이상)PLUS액티브증권상장지수투자신탁[채권],채권형,20260225,삼성자산운용
0162Y0,K553J1ET1739,타임폴리오TIME코스닥액티브증권상장지수투자신탁(주식),주식형,20260309,타임폴리오자산운용
0162Z0,K55223ES6754,KBRISE삼성전자SK하이닉스채권혼합50증권상장지수투자신탁(채권혼합),혼합채권형,20260225,케이비자산운용
0163Y0,K553N9EU4486,삼성액티브KoAct코스닥액티브증권상장지수투자신탁[주식],주식형,20260309,삼성액티브자산운용
0164G0,K55223ER9122,KBRISE차이나AI반도체TOP4Plus증권상장지수투자신탁(주식),주식형,20260306,케이비자산운용
0166N0,K55213EN8047,한화PLUS코스닥150액티브증권상장지수투자신탁(주식),주식형,20260316,한화자산운용
0166S0,K55213ES1773,한화PLUSK제조업핵심기업액티브증권상장지수투자신탁(주식),주식형,20260323,한화자산운용
0166T0,K55213ER7714,한화PLUS글로벌저작권핵심기업액티브증권상장지수투자신탁(주식),주식형,20260327,한화자산운용
0167A0,K55210ES7146,신한SOLAI반도체TOP2플러스증권상장지수투자신탁[주식],주식형,20260316,신한자산운용
0167B0,K55210ES7153,신한SOL200타겟위클리커버드콜증권상장지수투자신탁[주식-파생형],주식파생형,20260316,신한자산운용
0167Z0,K55105ES6120,삼성KODEX미국우주항공증권상장지수투자신탁[주식],주식형,20260313,삼성자산운용
0168K0,K55301EQ3782,미래에셋TIGER기술이전바이오액티브증권상장지수투자신탁(주식),주식형,20260316,미래에셋자산운용
0172V0,K55102ET0257,하나1Q은액티브특별자산상장지수투자신탁[은-재간접형],특별자산,20260327,하나자산운용
0172Y0,K55101ES8039,한국투자ACEK수출핵심TOP10산업액티브증권상장지수투자신탁(주식),주식형,20260330,한국투자신탁운용
0173Y0,K55105ES6112,삼성KODEX미국AI광통신네트워크증권상장지수투자신탁[주식],주식형,20260327,삼성자산운용
0174B0,K553N9EU0641,삼성액티브KoAct글로벌AI메모리반도체액티브증권상장지수투자신탁[주식],주식형,20260410,삼성액티브자산운용
0174J0,K55203EP7502,대신DAISHIN오피스리츠플러스부동산상장지수투자신탁[재간접형],부동산,20260330,대신자산운용
0174R0,K55206ER7937,키움KIWOOM미국성장다우존스증권상장지수투자신탁[주식],주식형,20260327,키움투자자산운용
0176E0,K55223ER9114,KBRISE미국AI전력인프라액티브증권상장지수투자신탁(주식),주식형,20260402,케이비자산운용
0176P0,K55104ER1156,브이아이FOCUSAI반도체위클리고정커버드콜증권상장지수투자신탁[주식-파생형],주식파생형,20260406,브이아이자산운용
0177A0,K55107ET9055,우리WON두산그룹포커스증권상장지수투자신탁(주식),주식형,20260330,우리자산운용
0177N0,K55105EQ9878,삼성KODEX삼성전자SK하이닉스채권혼합50증권상장지수투자신탁[채권혼합],혼합채권형,20260403,삼성자산운용
0177R0,K55301ES2840,미래에셋TIGER반도체TOP10커버드콜액티브증권상장지수투자신탁(주식-파생형),주식파생형,20260417,미래에셋자산운용
0177X0,K55101EU0214,한국투자ACEK휴머노이드로봇산업TOP2+증권상장지수투자신탁(주식),주식형,20260406,한국투자신탁운용
0178H0,K55234ES8484,IBKIBK미국AITOP10국채혼합50증권상장지수투자신탁[채권혼합],혼합채권형,20260424,아이비케이자산운용
0180V0,K55101ET7451,한국투자ACE미국우주테크액티브증권상장지수투자신탁(주식),주식형,20260410,한국투자신탁운용
0181B0,K55232EU6940,NH-AmundiHANARO미국AI메모리반도체TOP4+증권상장지수투자신탁(주식),주식형,20260508,엔에이치아문디자산운용
0181L0,K55210ET5800,신한SOL미국우주항공TOP10증권상장지수투자신탁[주식],주식형,20260417,신한자산운용
0182R0,K55102EU0908,하나1QK반도체TOP2+증권상장지수투자신탁[주식],주식형,20260413,하나자산운용
0182S0,K55102EU0924,하나1QK반도체TOP2채권혼합50증권상장지수투자신탁[채권혼합],혼합채권형,20260413,하나자산운용
0183J0,K55301ES8102,미래에셋TIGER미국우주테크증권상장지수투자신탁(주식),주식형,20260410,미래에셋자산운용
0183V0,K55206ES9650,키움KIWOOM삼성전자&amp;SK하이닉스채권혼합50증권상장지수투자신탁[채권혼합],혼합채권형,20260420,키움투자자산운용
0184E0,K55102EU6996,하나1Q200채권혼합50액티브증권상장지수투자신탁[채권혼합],혼합채권형,20260420,하나자산운용
0184L0,K55213ES9693,한화PLUS중기종합채권(A-이상)액티브증권상장지수투자신탁(채권),채권형,20260508,한화자산운용
0184N0,K55213EU0276,한화PLUS은채권혼합증권상장지수투자신탁(채권혼합-재간접형),재간접형,20260508,한화자산운용
0184V0,K55373EU5008,현대UNICORNK바이오액티브증권상장지수투자신탁[주식],주식형,20260511,현대자산운용
0185L0,K553J1EU9150,타임폴리오TIME글로벌휴머노이드로봇산업액티브증권상장지수투자신탁(주식),주식형,20260518,타임폴리오자산운용
0186L0,K553N9ET5775,삼성액티브KoAct미국로봇피지컬AI액티브증권상장지수투자신탁[주식],주식형,20260424,삼성액티브자산운용
0186S0,K55102EU8786,하나1Q코스닥150채권혼합50액티브증권상장지수투자신탁[채권혼합],혼합채권형,20260427,하나자산운용
0189B0,K55301ET0066,미래에셋TIGER은액티브특별자산상장지수투자신탁(은-재간접형),특별자산,20260424,미래에셋자산운용
0189Z0,K55203ET6310,대신DAISHIN금융&amp;지주고배당증권상장지수투자신탁[주식],주식형,20260608,대신자산운용
0190C0,K55223ET9427,KBRISE현대차고정피지컬AI증권상장지수투자신탁(주식),주식형,20260511,케이비자산운용
0190G0,K55105EU6183,삼성KODEX반도체타겟위클리커버드콜증권상장지수투자신탁[주식-파생형],주식파생형,20260511,삼성자산운용
0190M0,K55206ES9643,키움KIWOOM미국AI테크하이베타증권상장지수투자신탁[주식],주식형,20260508,키움투자자산운용
0190Y0,K55301ER7782,미래에셋TIGER구글밸류체인증권상장지수투자신탁(주식),주식형,20260508,미래에셋자산운용
0191B0,K55303EV2413,마이다스MIDAS코스닥액티브증권상장지수투자신탁(주식),주식형,20260518,마이다스에셋자산운용
0191M0,K55216EV7079,DB마이티5월만기자동연장특수채(AAA)액티브증권상장지수투자신탁[채권],채권형,20260601,디비자산운용
0191S0,K55234ET9176,IBKIBK코스닥150증권상장지수투자신탁[주식],주식형,20260518,아이비케이자산운용
0191W0,K55232EV4365,NH-AmundiHANARO중기종합채권(A-이상)액티브증권상장지수투자신탁[채권],채권형,20260518,엔에이치아문디자산운용
0192L0,K55223ET8619,KBRISESK하이닉스단일종목레버리지증권상장지수투자신탁(주식-파생형),주식파생형,20260522,케이비자산운용
0192M0,K55223ET8601,KBRISE삼성전자단일종목레버리지증권상장지수투자신탁(주식-파생형),주식파생형,20260522,케이비자산운용
0192S0,K55210EU9643,신한SOL코스피200채권혼합50증권상장지수투자신탁[채권혼합],혼합채권형,20260518,신한자산운용
0192T0,K55210EU9981,신한SOL코스닥TOP10증권상장지수투자신탁[주식],주식형,20260518,신한자산운용
0192Z0,K55301EV0294,미래에셋TIGER중기종합채권(A-이상)액티브증권상장지수투자신탁(채권형),채권형,20260514,미래에셋자산운용
0193G0,K553N9EU7141,삼성액티브KoAct코스피액티브증권상장지수투자신탁[주식],주식형,20260518,삼성액티브자산운용
0193K0,K55213EV7817,한화PLUS삼성전자단일종목레버리지증권상장지수투자신탁(주식-파생형),주식파생형,20260526,한화자산운용
0193L0,K55213EV7429,한화PLUS삼성전자선물단일종목인버스2X증권상장지수투자신탁(주식-파생형),주식파생형,20260526,한화자산운용
0193M0,K55240EV4951,BNKBNK27-12특수채(AAA이상)액티브증권상장지수투자신탁(채권),채권형,20260612,비엔케이자산운용
0193T0,K55105EV6356,삼성KODEXSK하이닉스단일종목레버리지증권상장지수투자신탁[주식-파생형],주식파생형,20260526,삼성자산운용
0193W0,K55105EV6349,삼성KODEX삼성전자단일종목레버리지증권상장지수투자신탁[주식-파생형],주식파생형,20260526,삼성자산운용
0194M0,K55101EV7093,한국투자ACE삼성전자단일종목레버리지증권상장지수투자신탁(주식-파생형),주식파생형,20260522,한국투자신탁운용
0194N0,K55206EV7907,키움KIWOOM삼성전자선물단일종목레버리지증권상장지수투자신탁[주식-파생형],주식파생형,20260526,키움투자자산운용
0194R0,K55206EV7915,키움KIWOOMSK하이닉스선물단일종목레버리지증권상장지수투자신탁[주식-파생형],주식파생형,20260526,키움투자자산운용
0194T0,K55101EV7101,한국투자ACESK하이닉스단일종목레버리지증권상장지수투자신탁(주식-파생형),주식파생형,20260522,한국투자신탁운용
0195R0,K55301EV7505,미래에셋TIGER삼성전자단일종목레버리지증권상장지수투자신탁(주식-파생형),주식파생형,20260526,미래에셋자산운용
0195S0,K55301EV7497,미래에셋TIGERSK하이닉스단일종목레버리지증권상장지수투자신탁(주식-파생형),주식파생형,20260526,미래에셋자산운용
0197W0,K55210EV5947,신한SOLSK하이닉스단일종목레버리지증권상장지수투자신탁[주식-파생형],주식파생형,20260526,신한자산운용
0197X0,K55210EV5962,신한SOLSK하이닉스선물단일종목인버스2X증권상장지수투자신탁[주식-파생형],주식파생형,20260526,신한자산운용
0198A0,K55206EV2718,키움KIWOOM코스닥150커버드콜액티브증권상장지수투자신탁[주식-파생형],주식파생형,20260626,키움투자자산운용
0198B0,K55102EV7944,하나1Q삼성전자선물단일종목레버리지증권상장지수투자신탁[주식-파생형],주식파생형,20260522,하나자산운용
0198D0,K55102EV7951,하나1QSK하이닉스선물단일종목레버리지증권상장지수투자신탁[주식-파생형],주식파생형,20260522,하나자산운용
0199C0,K55101EV6285,한국투자ACE고배당주Plus커버드콜액티브증권상장지수투자신탁(주식-파생형),주식파생형,20260601,한국투자신탁운용
0203D0,K55213EL4469,한화PLUS200위클리커버드콜채권혼합증권상장지수투자신탁(채권혼합-파생형),혼합채권파생형,20260601,한화자산운용
0203R0,K55107EU9953,우리WON중단기종합채권(A-이상)액티브증권상장지수투자신탁(채권),채권형,20260529,우리자산운용
0203S0,K55107EV6271,우리WON삼성전자현대차채권혼합50증권상장지수투자신탁(채권혼합),혼합채권형,20260601,우리자산운용
0204D0,K55105EV4203,삼성KODEX현대차로보틱스밸류체인TOP3플러스증권상장지수투자신탁[주식],주식형,20260605,삼성자산운용
0204S0,K55301EU5260,미래에셋TIGER코스닥액티브증권상장지수투자신탁(주식),주식형,20260601,미래에셋자산운용
0206G0,K55102EV2721,하나1Q현대차기아채권혼합50증권상장지수투자신탁(채권혼합),혼합채권형,20260608,하나자산운용
0207G0,K55210EV7778,신한SOL우주항공밸류체인증권상장지수투자신탁[주식],주식형,20260615,신한자산운용
0207Z0,K55206EV4466,키움KIWOOM미국우주데이터센터인프라증권상장지수투자신탁[주식],주식형,20260612,키움투자자산운용
0208N0,K55234ES8492,IBKIBK코스피액티브증권상장지수투자신탁[주식],주식형,20260622,아이비케이자산운용
0209D0,K55105EW2453,삼성KODEX전고체배터리ESSTOP2플러스증권상장지수투자신탁[주식],주식형,20260622,삼성자산운용
0209Z0,K55101EU2731,한국투자ACE코리아AI전력TOP10증권상장지수투자신탁(주식),주식형,20260622,한국투자신탁운용
0210A0,K55101EW2275,한국투자ACEK반도체TOP2+증권상장지수투자신탁(주식),주식형,20260622,한국투자신탁운용
0210E0,K55213EW5851,한화PLUS200커버드콜액티브증권상장지수투자신탁(주식-파생형),주식파생형,20260622,한화자산운용
0214M0,K55303EX5786,마이다스MIDAS바이오헬스케어액티브증권상장지수투자신탁(주식),주식형,20260727,마이다스에셋자산운용
0215T0,K55232EW1147,NH-AmundiHANARO미국AI광통신TOP10증권상장지수투자신탁(주식),주식형,20260710,엔에이치아문디자산운용
0216K0,K55206EW2329,키움KIWOOM미국우주테크TOP2채권혼합50증권상장지수투자신탁[채권혼합],혼합채권형,20260706,키움투자자산운용
0216Z0,K55101EW2283,한국투자ACEK방산TOP5+증권상장지수투자신탁(주식),주식형,20260706,한국투자신탁운용
0218J0,K55223EW8028,KBRISE미국우주&amp;로봇TOP2미국채혼합50증권상장지수투자신탁(채권혼합-재간접형),재간접형,20260710,케이비자산운용
0218K0,K55240EV4936,BNKBNK스마트카증권상장지수투자신탁(주식),주식형,20260720,비엔케이자산운용
0219B0,K553N9EV4881,삼성액티브KoAct광통신&amp;위성네트워크액티브증권상장지수투자신탁[주식],주식형,20260713,삼성액티브자산운용
0219E0,K55105EX2080,삼성KODEX200커버드콜액티브증권상장지수투자신탁[주식-파생형],주식파생형,20260710,삼성자산운용
0219Z0,K55105EJ6188,삼성KODEX미국S&amp;P500액티브증권상장지수투자신탁[주식],주식형,20250417,삼성자산운용
0220A0,K55206EX4787,키움KIWOOM현대차그룹TOP3채권혼합50증권상장지수투자신탁[채권혼합],혼합채권형,20260713,키움투자자산운용
0220B0,K553F0EX3712,디에스DS코스닥액티브증권상장지수투자신탁[주식],주식형,20260713,디에스자산운용
0221V0,K55234EV3266,IBKIBK초단기채권액티브증권상장지수투자신탁[채권],채권형,20260720,아이비케이자산운용
0221Z0,K55101EW2317,한국투자ACEK바이오코스닥액티브증권상장지수투자신탁(주식),주식형,20260720,한국투자신탁운용
0222D0,K553N9EX6314,삼성액티브KoAct고배당액티브증권상장지수투자신탁[주식],주식형,20260727,삼성액티브자산운용
0222F0,K55216EX5527,DB마이티AI데이터센터밸류체인증권상장지수투자신탁[주식],주식형,20260803,디비자산운용
0223A0,K55223ET8569,KBRISE코스닥커버드콜액티브증권상장지수투자신탁(주식-파생형),주식파생형,20260727,케이비자산운용
0223R0,K55301ES8151,미래에셋TIGER미국테크NYSE100액티브증권상장지수투자신탁(주식),주식형,20260720,미래에셋자산운용
0224D0,K55206EX3003,키움KIWOOM미국CPU반도체TOP4+증권상장지수투자신탁[주식],주식형,20260727,키움투자자산운용
0224X0,K55102EX2018,하나1Q엔비디아알파벳미국채혼합50증권상장지수투자신탁[채권혼합],혼합채권형,20260724,하나자산운용
0225V0,K55105EX4193,삼성KODEX미국CPU반도체TOP10증권상장지수투자신탁[주식],주식형,20260731,삼성자산운용
0226A0,K55213EW8111,한화PLUSSK하이닉스샌디스크채권혼합50증권상장지수투자신탁(채권혼합),혼합채권형,20260731,한화자산운용
0226D0,K55104EX3725,브이아이FOCUS금융반도체지주채권혼합50액티브증권상장지수투자신탁[채권혼합],혼합채권형,20260810,브이아이자산운용
0226G0,K55107EX7947,우리WON피지컬AITOP2플러스액티브증권상장지수투자신탁(주식),주식형,20260803,우리자산운용
0227K0,K55223EX7284,KBRISE미국우주위성통신증권상장지수투자신탁(주식),주식형,20260807,케이비자산운용
0228G0,K55101EY1762,한국투자ACE반도체Plus전략산업증권상장지수투자신탁(주식),주식형,20260810,한국투자신탁운용
0233A0,K55101EY7603,한국투자ACE삼성전자SK하이닉스플러스채권혼합50증권상장지수투자신탁(채권혼합),혼합채권형,20260824,한국투자신탁운용
0233J0,K55301EW2661,미래에셋TIGER삼성전자SK하이닉스미국채혼합50증권상장지수투자신탁(채권혼합),혼합채권형,20260824,미래에셋자산운용
0233N0,K55223EX9892,KBRISE글로벌AI낸드메모리반도체증권상장지수투자신탁(주식),주식형,20260828,케이비자산운용
069500,KR5105352888,삼성KODEX200증권상장지수투자신탁[주식],주식형,20021011,삼성자산운용
069660,K55206C46472,키움KIWOOM200TotalReturn증권상장지수투자신탁[주식],주식형,20180420,키움투자자산운용
091160,KR5105578185,삼성KODEX반도체증권상장지수투자신탁[주식],주식형,20060626,삼성자산운용
091170,KR5105578193,삼성KODEX은행증권상장지수투자신탁[주식],주식형,20060626,삼성자산운용
091180,KR5105578177,삼성KODEX자동차증권상장지수투자신탁[주식],주식형,20060626,삼성자산운용
091220,KR5225578248,미래에셋TIGER은행증권상장지수투자신탁(주식),주식형,20060626,미래에셋자산운용
091230,KR5225578230,미래에셋TIGER반도체증권상장지수투자신탁(주식),주식형,20060626,미래에셋자산운용
099140,KR5105745933,삼성KODEX차이나H증권상장지수투자신탁[주식],주식형,20071009,삼성자산운용
100910,KR5206773776,키움KIWOOMKRX100상장지수증권투자신탁[주식],주식형,20080122,키움투자자산운용
101280,KR5105797835,삼성KODEX일본TOPIX100증권상장지수투자신탁[주식],주식형,20080219,삼성자산운용
102110,KR5225812712,미래에셋TIGER200증권상장지수투자신탁(주식),주식형,20080402,미래에셋자산운용
102780,KR5105AY4057,삼성KODEX삼성그룹밸류증권상장지수투자신탁[주식],주식형,20150107,삼성자산운용
102960,KR5105837854,삼성KODEX기계장비증권상장지수투자신탁[주식],주식형,20080528,삼성자산운용
102970,KR5105837847,삼성KODEX증권주증권상장지수투자신탁[주식],주식형,20080528,삼성자산운용
104520,KR5206853859,키움KIWOOM블루칩상장지수증권투자신탁[주식],주식형,20080728,키움투자자산운용
104530,K55210EN5491,신한SOL코리아고배당증권상장지수투자신탁[주식],주식형,20250922,신한자산운용
105190,KR5101877748,한국투자ACE200증권상장지수투자신탁(주식),주식형,20080910,한국투자신탁운용
105780,KR5223884903,KBRISE5대그룹주증권상장지수투자신탁(주식),주식형,20081021,케이비자산운용
108590,KR5307905228,유리TREX200증권상장지수투자신탁[주식],주식형,20090122,유리자산운용
114100,KR5223149026,KBRISE국고채3년증권상장지수투자신탁(채권),채권형,20090728,케이비자산운용
114260,KR5105149383,삼성KODEX국고채3년증권상장지수투자신탁[채권],채권형,20090728,삼성자산운용
114800,KR5105152130,삼성KODEX인버스증권상장지수투자신탁[주식-파생형],주식파생형,20090914,삼성자산운용
117460,KR5105166692,삼성KODEX에너지화학증권상장지수투자신탁[주식],주식형,20091009,삼성자산운용
117680,KR5105171510,삼성KODEX철강증권상장지수투자신탁[주식],주식형,20091029,삼성자산운용
117700,KR5105171502,삼성KODEX건설증권상장지수투자신탁[주식],주식형,20091029,삼성자산운용
122090,KR5213185071,한화PLUS코스피50증권상장지수투자신탁(주식),주식형,20100106,한화자산운용
122630,KR5105191153,삼성KODEX레버리지증권상장지수투자신탁[주식-파생형],주식파생형,20100217,삼성자산운용
123310,KR5225220130,미래에셋TIGER인버스증권상장지수투자신탁(주식-파생형),주식파생형,20100326,미래에셋자산운용
123320,KR5225220155,미래에셋TIGER레버리지증권상장지수투자신탁[주식-파생형],주식파생형,20100408,미래에셋자산운용
130730,KR5206287710,키움KIWOOM단기자금증권상장지수투자신탁[채권],채권형,20100728,키움투자자산운용
132030,KR5105705846,삼성KODEX골드선물특별자산상장지수투자신탁[금-파생형](H),특별자산파생,20100929,삼성자산운용
133690,KR5225652084,미래에셋TIGER미국나스닥100증권상장지수투자신탁(주식),주식형,20101015,미래에셋자산운용
136340,KR5223970371,KBRISE중기우량회사채증권상장지수투자신탁(채권),채권형,20110411,케이비자산운용
138230,K55206B56275,키움KIWOOM미국달러선물레버리지특별자산상장지수투자신탁[미국달러-파생형],특별자산파생,20150805,키움투자자산운용
138520,KR5225A01840,미래에셋TIGER삼성그룹증권상장지수투자신탁(주식),주식형,20110304,미래에셋자산운용
138910,KR5105A08898,삼성KODEX구리선물특별자산상장지수투자신탁[구리-파생형](H),특별자산파생,20110311,삼성자산운용
138920,KR5105A08930,삼성KODEX콩선물특별자산상장지수투자신탁[콩-파생형](H),특별자산파생,20110311,삼성자산운용
139220,KR5225A18018,미래에셋TIGER200건설증권상장지수투자신탁(주식),주식형,20110405,미래에셋자산운용
139230,KR5225A18083,미래에셋TIGER200중공업증권상장지수투자신탁(주식),주식형,20110405,미래에셋자산운용
139240,KR5225A18091,미래에셋TIGER200철강소재증권상장지수투자신탁(주식),주식형,20110405,미래에셋자산운용
139250,KR5225A18042,미래에셋TIGER200에너지화학증권상장지수투자신탁(주식),주식형,20110405,미래에셋자산운용
139260,KR5225A18067,미래에셋TIGER200IT증권상장지수투자신탁(주식),주식형,20110405,미래에셋자산운용
139270,KR5225A18034,미래에셋TIGER200금융증권상장지수투자신탁(주식),주식형,20110405,미래에셋자산운용
139280,KR5225A18109,미래에셋TIGER경기방어증권상장지수투자신탁(주식),주식형,20110405,미래에셋자산운용
139290,KR5225A18026,미래에셋TIGER200경기소비재증권상장지수투자신탁(주식),주식형,20110405,미래에셋자산운용
139320,KR5225A17119,미래에셋TIGER금은선물특별자산상장지수투자신탁(금속-파생형)(H),특별자산파생,20110407,미래에셋자산운용
139660,K55206B83279,키움KIWOOM미국달러선물인버스2X특별자산상장지수투자신탁[미국달러-파생형],특별자산파생,20151111,키움투자자산운용
140570,KR5223A20043,KBRISE수출주증권상장지수투자신탁(주식),주식형,20110414,케이비자산운용
140580,KR5223A20027,KBRISE우량업종대표주증권상장지수투자신탁(주식),주식형,20110414,케이비자산운용
140700,KR5105A23640,삼성KODEX보험증권상장지수투자신탁[주식],주식형,20110425,삼성자산운용
140710,KR5105A23632,삼성KODEX운송증권상장지수투자신탁[주식],주식형,20110425,삼성자산운용
143860,KR5225A46670,미래에셋TIGER헬스케어증권상장지수투자신탁(주식),주식형,20110715,미래에셋자산운용
144600,KR5105A43069,삼성KODEX은선물특별자산상장지수투자신탁(은-파생형)(H),특별자산파생,20110714,삼성자산운용
145670,KR5101A59767,한국투자ACE인버스증권상장지수투자신탁(주식-파생형),주식파생형,20110907,한국투자신탁운용
145850,KR5307A60883,유리TREX펀더멘탈200증권상장지수투자신탁[주식],주식형,20110922,유리자산운용
147970,KR5225A65191,미래에셋TIGER모멘텀증권상장지수투자신탁[주식],주식형,20111025,미래에셋자산운용
148020,KR5223A66905,KBRISE200증권상장지수투자신탁(주식),주식형,20111019,케이비자산운용
150460,KR5225A75083,미래에셋TIGER중국소비테마증권상장지수투자신탁[주식],주식형,20111215,미래에셋자산운용
152100,KR5213A73001,한화PLUS200증권상장지수투자신탁(주식),주식형,20120109,한화자산운용
152500,KR5101A62068,한국투자ACE레버리지증권상장지수투자신탁(주식-파생형),주식파생형,20120125,한국투자신탁운용
153130,KR5105A84337,삼성KODEX단기채권증권상장지수투자신탁[채권],채권형,20120221,삼성자산운용
156080,KR5105AA2075,삼성KODEX MSCI KOREA증권상장지수투자신탁[주식],주식형,20120427,삼성자산운용
157450,KR5301AA4834,미래에셋TIGER단기통안채증권상장지수투자신탁(채권),채권형,20120515,미래에셋자산운용
157490,KR5301AA1269,미래에셋TIGER소프트웨어증권상장지수투자신탁(주식),주식형,20120515,미래에셋자산운용
157500,KR5301AA1251,미래에셋TIGER증권증권상장지수투자신탁(주식),주식형,20120515,미래에셋자산운용
160580,KR5301AB9295,미래에셋TIGER구리실물특별자산상장지수투자신탁(금속),특별자산,20121214,미래에셋자산운용
161510,KR5213AC3237,한화PLUS고배당주증권상장지수투자신탁(주식),주식형,20120828,한화자산운용
166400,KR5301AC6688,미래에셋TIGER200커버드콜OTM증권상장지수투자신탁(주식-파생형),주식파생형,20121024,미래에셋자산운용
168580,KR5101AD5756,한국투자ACE중국본토CSI300증권자상장지수투자신탁(주식-파생형),주식파생형,20121121,한국투자신탁운용
174350,KR5301AH8119,미래에셋TIGER로우볼증권상장지수투자신탁(주식),주식형,20130619,미래에셋자산운용
174360,KR5223AI2538,KBRISE중국본토대형주CSI100증권상장지수자투자신탁(주식),주식형,20130529,케이비자산운용
181480,KR5101AJ9786,한국투자ACE미국부동산리츠부동산상장지수투자신탁(파생형)(합성 H),부동산파생형,20130730,한국투자신탁운용
183700,KR5223AL4166,KBRISE200채권혼합50증권상장지수투자신탁(채권혼합),혼합채권형,20131016,케이비자산운용
183710,KR5223AL4158,KBRISE주식혼합증권상장지수투자신탁(주식혼합),혼합주식형,20131016,케이비자산운용
189400,KR5213AL1578,한화PLUS글로벌MSCI증권상장지수투자신탁(주식-파생형)(합성H),주식파생형,20131206,한화자산운용
192090,KR5301AL9756,미래에셋TIGER차이나CSI300증권상장지수자투자신탁(주식-파생형),주식파생형,20140127,미래에셋자산운용
192720,KR5207AN0410,교보악사파워고배당저변동성증권상장지수투자신탁[주식],주식형,20140219,교보악사자산운용
195930,KR5301AR6038,미래에셋TIGER유로스탁스50증권상장지수투자신탁(주식-파생형)(합성H),주식파생형,20140429,미래에셋자산운용
195970,KR5213AR7124,한화PLUS선진국MSCI증권상장지수투자신탁(주식-파생형)(합성H),주식파생형,20140512,한화자산운용
195980,KR5213AR7165,한화PLUS신흥국MSCI증권상장지수투자신탁(주식-파생형)(합성H),주식파생형,20140512,한화자산운용
196230,KR5223AO8602,KBRISE단기통안채증권상장지수투자신탁(채권),채권형,20140514,케이비자산운용
200030,KR5105AS6399,삼성KODEX미국S&amp;P500산업재증권상장지수투자신탁[주식-파생형](합성),주식파생형,20140611,삼성자산운용
204450,KR5105AV0181,삼성KODEX차이나H레버리지증권상장지수투자신탁[주식-파생형](H),주식파생형,20140911,삼성자산운용
204480,KR5301AU9086,미래에셋TIGER차이나CSI300레버리지증권상장지수투자신탁(주식혼합-파생재간접형)(합성),재간접파생형,20140828,미래에셋자산운용
210780,KR5301AX7376,미래에셋TIGER코스피고배당증권상장지수투자신탁(주식),주식형,20141204,미래에셋자산운용
211560,KR5301AX7368,미래에셋TIGER배당성장증권상장지수투자신탁(주식),주식형,20141216,미래에셋자산운용
211900,KR5105AX7259,삼성KODEX코리아배당성장증권상장지수투자신탁[주식],주식형,20141216,삼성자산운용
213610,KR5105AY4057,삼성KODEX삼성그룹밸류증권상장지수투자신탁[주식],주식형,20150107,삼성자산운용
213630,KR5213AY7810,한화PLUS미국다우존스고배당주증권상장지수투자신탁(주식-파생형)(합성H),주식파생형,20150123,한화자산운용
214980,K55105B00244,삼성KODEX단기채권PLUS증권상장지수투자신탁[채권],채권형,20150302,삼성자산운용
215620,K55224B12636,흥국HKS&amp;P코리아로우볼증권상장지수투자신탁[주식],주식형,20150324,흥국자산운용
217780,K55301B17573,미래에셋TIGER차이나CSI300인버스증권상장지수투자신탁(채권혼합-파생형)(합성),혼합채권파생형,20150608,미래에셋자산운용
218420,K55105B19418,삼성KODEX미국S&amp;P500에너지증권상장지수투자신탁[주식-파생형](합성),주식파생형,20150427,삼성자산운용
219390,K55223B28170,KBRISE미국S&amp;P원유생산기업증권상장지수투자신탁(주식-파생형)(합성H),주식파생형,20150601,케이비자산운용
220130,K55210B21701,신한SOL차이나강소기업CSI500증권상장지수투자신탁(주식-파생형)(합성H),주식파생형,20150605,신한자산운용
223190,K55105B39242,삼성KODEX200가치저변동증권상장지수투자신탁[주식],주식형,20150625,삼성자산운용
225130,K55101B44423,한국투자ACE골드선물레버리지특별자산상장지수투자신탁(금-파생형)(합성H),특별자산파생,20150720,한국투자신탁운용
225800,K55206B56275,키움KIWOOM미국달러선물레버리지특별자산상장지수투자신탁[미국달러-파생형],특별자산파생,20150805,키움투자자산운용
226490,K55105B62905,삼성KODEX 코스피증권상장지수투자신탁[주식],주식형,20150821,삼성자산운용
226980,K55105B66492,삼성KODEX200중소형증권상장지수투자신탁[주식],주식형,20150831,삼성자산운용
227540,K55301B69897,미래에셋TIGER200헬스케어증권상장지수투자신탁(주식),주식형,20150922,미래에셋자산운용
227550,K55301B69905,미래에셋TIGER200산업재증권상장지수투자신탁(주식),주식형,20150922,미래에셋자산운용
227560,K55301B69913,미래에셋TIGER200생활소비재증권상장지수투자신탁(주식),주식형,20150922,미래에셋자산운용
227570,K55301B69921,미래에셋TIGER우량가치증권상장지수투자신탁(주식),주식형,20150922,미래에셋자산운용
227830,K55213B72955,한화PLUS코스피증권상장지수투자신탁(주식),주식형,20150922,한화자산운용
228790,K55301B73766,미래에셋TIGER화장품증권상장지수투자신탁(주식),주식형,20151006,미래에셋자산운용
228800,K55301B73758,미래에셋TIGER여행레저증권상장지수투자신탁(주식),주식형,20151006,미래에셋자산운용
228810,K55301B73741,미래에셋TIGER미디어컨텐츠증권상장지수투자신탁(주식),주식형,20151006,미래에셋자산운용
228820,K55301B73618,미래에셋TIGERKTOP30증권상장지수투자신탁(주식),주식형,20151013,미래에셋자산운용
229200,K55105B74603,삼성KODEX코스닥150증권상장지수투자신탁[주식],주식형,20150930,삼성자산운용
229720,K55105B76798,삼성KODEX KTOP30증권상장지수투자신탁[주식],주식형,20151013,삼성자산운용
230480,K55206B83279,키움KIWOOM미국달러선물인버스2X특별자산상장지수투자신탁[미국달러-파생형],특별자산파생,20151111,키움투자자산운용
232080,K55301B84235,미래에셋TIGER코스닥150증권상장지수투자신탁(주식),주식형,20151111,미래에셋자산운용
233160,K55301B88376,미래에셋TIGER코스닥150레버리지증권상장지수투자신탁(주식-파생형),주식파생형,20151215,미래에셋자산운용
233740,K55105B91912,삼성KODEX코스닥150레버리지증권상장지수투자신탁[주식-파생형],주식파생형,20151216,삼성자산운용
234310,K55223B91129,KBRISEV&amp;S셀렉트밸류증권상장지수투자신탁(주식),주식형,20160201,케이비자산운용
237350,K55105B98537,삼성KODEX코스피100증권상장지수투자신탁[주식],주식형,20160126,삼성자산운용
237370,K55105B99147,삼성KODEX코리아배당성장채권혼합증권상장지수투자신탁[채권혼합],혼합채권형,20160126,삼성자산운용
238670,K55213BA6478,한화PLUS스마트베타Quality채권혼합증권상장지수투자신탁(채권혼합-파생형),혼합채권파생형,20160223,한화자산운용
238720,K55101BA8230,한국투자ACE일본Nikkei225증권상장지수투자신탁(주식-파생형)(H),주식파생형,20160226,한국투자신탁운용
239660,K55213BB5131,한화PLUS우량회사채50증권상장지수투자신탁(채권),채권형,20160321,한화자산운용
241180,K55301BB3675,미래에셋TIGER일본니케이225증권상장지수투자신탁(주식-파생형),주식파생형,20160329,미래에셋자산운용
241390,K55223BB7382,KBRISEV&amp;S셀렉트밸류채권혼합증권상장지수투자신탁(채권혼합),혼합채권형,20160411,케이비자산운용
243880,K55301BD4689,미래에셋TIGER200IT레버리지증권상장지수투자신탁(주식-파생형),주식파생형,20160512,미래에셋자산운용
243890,K55301BD4697,미래에셋TIGER200에너지화학레버리지증권상장지수투자신탁(주식-파생형),주식파생형,20160512,미래에셋자산운용
244580,K55105BC9695,삼성KODEX바이오증권상장지수투자신탁[주식],주식형,20160512,삼성자산운용
244620,K55105BD0552,삼성KODEX모멘텀PLUS증권상장지수투자신탁[주식],주식형,20160512,삼성자산운용
244660,K55105BD0578,삼성KODEX퀄리티PLUS증권상장지수투자신탁[주식],주식형,20160512,삼성자산운용
244670,K55105BD0586,삼성KODEX밸류PLUS증권상장지수투자신탁[주식],주식형,20160512,삼성자산운용
245340,K55301BD8854,미래에셋TIGER미국다우존스30증권상장지수투자신탁(주식-파생형),주식파생형,20160629,미래에셋자산운용
245350,K55301BD8862,미래에셋TIGER유로스탁스배당30증권상장지수투자신탁(주식-파생형),주식파생형,20160629,미래에셋자산운용
245360,K55301BD8870,미래에셋TIGER차이나HSCEI증권상장지수투자신탁(주식-파생형),주식파생형,20160614,미래에셋자산운용
245710,K55101BE0852,한국투자ACE베트남VN30증권상장지수투자신탁(주식-파생형)(합성),주식파생형,20160628,한국투자신탁운용
250730,K55223BF0979,KBRISE차이나HSCEI증권상장지수투자신탁(주식)(H),주식형,20160804,케이비자산운용
251350,K55105BF7266,삼성KODEXMSCI선진국증권상장지수투자신탁[주식],주식형,20160808,삼성자산운용
251590,K55213BG0087,한화PLUS고배당저변동50증권상장지수투자신탁(주식),주식형,20160810,한화자산운용
251600,K55213BG0095,한화PLUS고배당주채권혼합증권상장지수투자신탁(채권혼합-파생형),혼합채권파생형,20160810,한화자산운용
252000,K55301BG7119,미래에셋TIGER200동일가중증권상장지수투자신탁(주식),주식형,20160919,미래에셋자산운용
252400,K55223BG9631,KBRISE200선물레버리지증권상장지수투자신탁(주식-파생형),주식파생형,20160908,케이비자산운용
252410,K55223BG9649,KBRISE200선물인버스증권상장지수투자신탁(주식-파생형),주식파생형,20160908,케이비자산운용
252420,K55223BH1595,KBRISE200선물인버스2X증권상장지수투자신탁(주식-파생형),주식파생형,20160921,케이비자산운용
252650,K55105BG6549,삼성KODEX200동일가중증권상장지수투자신탁[주식],주식형,20160919,삼성자산운용
252670,K55105BG8438,삼성KODEX200선물인버스2X증권상장지수투자신탁[주식-파생형],주식파생형,20160921,삼성자산운용
252710,K55301BH0360,미래에셋TIGER200선물인버스2X증권상장지수투자신탁(주식-파생형),주식파생형,20160921,미래에셋자산운용
253150,K55213BH1688,한화PLUS200선물레버리지증권상장지수투자신탁(주식-파생형),주식파생형,20160927,한화자산운용
253160,K55213BH1662,한화PLUS200선물인버스2X증권상장지수투자신탁(주식-파생형),주식파생형,20160920,한화자산운용
253230,K55206BG4575,키움KIWOOM200선물인버스2X증권상장지수투자신탁[주식-파생형],주식파생형,20160921,키움투자자산운용
253240,K55206BG4559,키움KIWOOM200선물인버스증권상장지수투자신탁[주식-파생형],주식파생형,20160909,키움투자자산운용
253250,K55206BG4567,키움KIWOOM200선물레버리지증권상장지수투자신탁[주식-파생형],주식파생형,20160909,키움투자자산운용
253280,K55223BH3559,KBRISE헬스케어증권상장지수투자신탁(주식),주식형,20160922,케이비자산운용
253290,K55223BH3617,KBRISE헬스케어채권혼합증권상장지수투자신탁(채권혼합),혼합채권형,20160922,케이비자산운용
256440,K55101BI4108,한국투자ACEMSCI인도네시아증권상장지수투자신탁(주식-파생형)(합성),주식파생형,20161027,한국투자신탁운용
256450,K55213BI7197,한화PLUS심천차이넥스트증권상장지수투자신탁(주식-파생형)(합성),주식파생형,20161107,한화자산운용
256750,K55105BI6737,삼성KODEX차이나심천ChiNext증권상장지수투자신탁[주식-파생형](합성),주식파생형,20161107,삼성자산운용
261060,K55301BJ7017,미래에셋TIGER코스닥150IT증권상장지수투자신탁(주식),주식형,20161214,미래에셋자산운용
261070,K55301BJ7009,미래에셋TIGER코스닥150바이오테크증권상장지수투자신탁(주식),주식형,20161214,미래에셋자산운용
261110,K55301BK2361,미래에셋TIGER미국달러선물레버리지특별자산상장지수투자신탁(달러-파생형),특별자산파생,20161223,미래에셋자산운용
261120,K55301BK2346,미래에셋TIGER미국달러선물인버스2X특별자산상장지수투자신탁(달러-파생형),특별자산파생,20161223,미래에셋자산운용
261140,K55301BJ4477,미래에셋TIGER우선주증권상장지수투자신탁(주식),주식형,20170105,미래에셋자산운용
261220,K55105BJ8567,삼성KODEX WTI원유선물특별자산상장지수투자신탁[원유-파생형](H),특별자산파생,20161223,삼성자산운용
261240,K55105BJ8583,삼성KODEX미국달러선물특별자산상장지수투자신탁[미국달러-파생형],특별자산파생,20161226,삼성자산운용
261250,K55105BJ8591,삼성KODEX미국달러선물레버리지특별자산상장지수투자신탁[미국달러-파생형],특별자산파생,20161226,삼성자산운용
261260,K55105BJ8617,삼성KODEX미국달러선물인버스2X특별자산상장지수투자신탁[미국달러-파생형],특별자산파생,20161226,삼성자산운용
261270,K55105BJ8609,삼성KODEX미국달러선물인버스특별자산상장지수투자신탁[미국달러-파생형],특별자산파생,20161226,삼성자산운용
261920,K55101BJ5096,한국투자ACEMSCI필리핀증권상장지수투자신탁(주식-파생형)(합성),주식파생형,20161223,한국투자신탁운용
265690,K55101BM2890,한국투자ACE러시아MSCI증권상장지수투자신탁(주식-파생형)(합성),주식파생형,20170316,한국투자신탁운용
266160,K55223BM7066,KBRISE고배당증권상장지수투자신탁(주식),주식형,20170413,케이비자산운용
266360,K55105BM5626,삼성KODEXK콘텐츠증권상장지수투자신탁[주식],주식형,20170327,삼성자산운용
266370,K55105BM5634,삼성KODEX IT증권상장지수투자신탁(주식),주식형,20170327,삼성자산운용
266390,K55105BM5592,삼성KODEX경기소비재증권상장지수투자신탁[주식],주식형,20170327,삼성자산운용
266410,K55105BM5600,삼성KODEX 필수소비재증권상장지수투자신탁[주식],주식형,20170327,삼성자산운용
266420,K55105BM4843,삼성KODEX헬스케어증권상장지수투자신탁[주식],주식형,20170327,삼성자산운용
266550,K55213BL2888,한화PLUS중형주저변동50증권상장지수투자신탁(주식),주식형,20170327,한화자산운용
267440,K55223BN1084,KBRISE미국장기국채선물증권상장지수투자신탁(채권-파생형)(H),채권파생형,20170414,케이비자산운용
267450,K55223BN1092,KBRISE미국장기국채선물인버스증권상장지수투자신탁(채권-파생형)(H),채권파생형,20170414,케이비자산운용
267490,K55223BN1118,KBRISE미국장기국채선물레버리지증권상장지수투자신탁(채권-파생형)(합성H),채권파생형,20170414,케이비자산운용
267770,K55301BO0239,미래에셋TIGER200선물레버리지증권상장지수투자신탁(주식-파생형),주식파생형,20170424,미래에셋자산운용
269370,K55301BO5469,미래에셋TIGERS&amp;P글로벌인프라증권상장지수투자신탁(주식-파생형)(합성),주식파생형,20170515,미래에셋자산운용
269420,K55105BN5708,삼성KODEXS&amp;P글로벌인프라증권상장지수투자신탁[주식-파생형](합성),주식파생형,20170515,삼성자산운용
269530,K55213BO6514,한화PLUSS&amp;P글로벌인프라증권상장지수투자신탁(주식),주식형,20170510,한화자산운용
269540,K55213EK8776,한화PLUS미국S&amp;P500미국채혼합50액티브증권상장지수투자신탁(채권혼합-재간접형),재간접형,20250605,한화자산운용
270800,K55223BR9539,KBRISEKQ고배당증권상장지수투자신탁(주식),주식형,20170706,케이비자산운용
270810,K55223BQ7476,KBRISE코스닥150증권상장지수투자신탁(주식),주식형,20170615,케이비자산운용
271050,K55105BP4345,삼성KODEXWTI원유선물인버스특별자산상장지수투자신탁[원유-파생형](H),특별자산파생,20170612,삼성자산운용
271060,K55105BP4386,삼성KODEX3대농산물선물특별자산상장지수투자신탁[농산물-파생형](H),특별자산파생,20170612,삼성자산운용
272560,K55223BR5941,KBRISE단기국공채액티브증권상장지수투자신탁(채권),채권형,20170628,케이비자산운용
272570,K55223BR5958,KBRISE중장기국공채액티브증권상장지수투자신탁(채권),채권형,20170628,케이비자산운용
272580,K55301BR4790,미래에셋TIGER단기채권액티브증권상장지수투자신탁(채권),채권형,20170628,미래에셋자산운용
272910,K55101BQ9602,한국투자ACE중장기국공채액티브증권상장지수투자신탁(채권),채권형,20170623,한국투자신탁운용
273130,K55105BR0838,삼성KODEX종합채권(AA-이상)액티브증권상장지수투자신탁[채권],채권형,20170616,삼성자산운용
273140,K55105BR3113,삼성KODEX단기변동금리부채권액티브증권상장지수투자신탁[채권],채권형,20170628,삼성자산운용
275280,K55105BQ9400,삼성KODEX모멘텀주증권상장지수투자신탁[주식],주식형,20170710,삼성자산운용
275290,K55105BQ9434,삼성KODEX가치주증권상장지수투자신탁[주식],주식형,20170710,삼성자산운용
275300,K55105BQ9418,삼성KODEX우량주증권상장지수투자신탁[주식],주식형,20170710,삼성자산운용
275750,K55223BT0197,KBRISE코스닥150선물인버스증권상장지수투자신탁(주식-파생형),주식파생형,20170731,케이비자산운용
276650,K55223BU6548,KBRISE글로벌테크놀로지증권상장지수투자신탁(주식-파생형)(합성H),주식파생형,20170814,케이비자산운용
276970,K55105BT6551,삼성KODEX미국S&amp;P500배당귀족커버드콜증권상장지수투자신탁[주식-파생형](합성)(H),주식파생형,20170809,삼성자산운용
276990,K55105BT6494,삼성KODEX글로벌로봇증권상장지수투자신탁[주식-파생형](합성),주식파생형,20170816,삼성자산운용
277540,K55101BU2759,한국투자ACE아시아TOP50증권상장지수투자신탁(주식),주식형,20170818,한국투자신탁운용
277630,K55301BV2921,미래에셋TIGER코스피증권상장지수투자신탁(주식),주식형,20170830,미래에셋자산운용
277640,K55301BV2962,미래에셋TIGER코스피대형주증권상장지수투자신탁(주식),주식형,20170830,미래에셋자산운용
277650,K55301BV2954,미래에셋TIGER코스피중형주증권상장지수투자신탁(주식),주식형,20170830,미래에셋자산운용
278240,K55223BV8089,KBRISE코스닥150선물레버리지증권상장지수투자신탁(주식-파생형),주식파생형,20170830,케이비자산운용
278530,K55105BW3843,삼성KODEX200TotalReturn증권상장지수투자신탁[주식],주식형,20171120,삼성자산운용
278540,K55105BW1235,삼성KODEX MSCI KOREATotalReturn증권상장지수투자신탁[주식],주식형,20171108,삼성자산운용
278620,K55213BW6233,한화PLUS단기채권액티브증권상장지수투자신탁(채권),채권형,20170925,한화자산운용
279530,K55105BW6366,삼성KODEX고배당주증권상장지수투자신탁[주식],주식형,20171016,삼성자산운용
279540,K55105BW6671,삼성KODEX최소변동성증권상장지수투자신탁[주식],주식형,20171016,삼성자산운용
280320,K55101BW5925,한국투자ACE미국IT인터넷증권상장지수투자신탁(주식-파생형)(합성H),주식파생형,20171012,한국투자신탁운용
280920,K55213BX8006,한화PLUS주도업종증권상장지수투자신탁(주식),주식형,20171016,한화자산운용
280930,K55105BX6175,삼성KODEX 미국러셀2000증권상장지수투자신탁[주식-파생형](H),주식파생형,20171107,삼성자산운용
280940,K55105BY2041,삼성KODEX골드선물인버스특별자산상장지수투자신탁[금-파생형](H),특별자산파생,20171107,삼성자산운용
281990,K55223BY3509,KBRISE중소형고배당증권상장지수투자신탁(주식),주식형,20171101,케이비자산운용
282000,K55223BY8797,KBRISE국고채3년선물인버스증권상장지수투자신탁(채권-파생형),채권파생형,20171108,케이비자산운용
283580,K55105BZ2610,삼성KODEX차이나CSI300증권상장지수투자신탁[주식-파생형],주식파생형,20171129,삼성자산운용
284430,K55105BZ3766,삼성KODEX200미국채혼합50증권상장지수투자신탁[채권혼합-파생형],혼합채권파생형,20171128,삼성자산운용
284980,K55223C02611,KBRISE200금융증권상장지수투자신탁(주식),주식형,20171207,케이비자산운용
287180,K55213C03586,한화PLUS미국나스닥테크증권상장지수투자신탁(주식),주식형,20171212,한화자산운용
289250,K55301C21029,미래에셋TIGERMSCIKOREAESG유니버설증권상장지수투자신탁(주식),주식형,20180206,미래에셋자산운용
289260,K55301C21037,미래에셋TIGERMSCIKOREAESG리더스증권상장지수투자신탁(주식),주식형,20180206,미래에셋자산운용
289480,K55301C25806,미래에셋TIGER200커버드콜증권상장지수투자신탁(주식-파생형),주식파생형,20180208,미래에셋자산운용
289670,K55213C26454,한화PLUS국채선물10년증권상장지수투자신탁(채권-파생형),채권파생형,20180205,한화자산운용
290080,K55223C37096,KBRISE200고배당커버드콜ATM증권상장지수투자신탁(주식-파생형),주식파생형,20180226,케이비자산운용
290130,K55223C37088,KBRISEESG사회책임투자증권상장지수투자신탁(주식),주식형,20180226,케이비자산운용
291130,K55101C31949,한국투자ACEMSCI멕시코증권상장지수투자신탁(주식-파생형)(합성),주식파생형,20180306,한국투자신탁운용
291620,K55206C29080,키움KIWOOM코스닥150선물인버스증권상장지수투자신탁[주식-파생형],주식파생형,20180315,키움투자자산운용
291630,K55206C29098,키움KIWOOM코스닥150선물레버리지증권상장지수투자신탁[주식-파생형],주식파생형,20180315,키움투자자산운용
291680,K55223C53507,KBRISE차이나H선물인버스증권상장지수투자신탁(주식-파생형)(H),주식파생형,20180322,케이비자산운용
292050,K55223C53515,KBRISEKRX300증권상장지수투자신탁(주식),주식형,20180323,케이비자산운용
292150,K55301C47545,미래에셋TIGER코리아TOP10증권상장지수투자신탁(주식),주식형,20180329,미래에셋자산운용
292160,K55301C47735,미래에셋TIGERKRX300증권상장지수투자신탁(주식),주식형,20180323,미래에셋자산운용
292190,K55105C52102,삼성KODEXKRX300증권상장지수투자신탁[주식형],주식형,20180323,삼성자산운용
292500,K55210C43489,신한SOLKRX300증권상장지수투자신탁[주식],주식형,20180323,신한자산운용
292560,K55301C59425,미래에셋TIGER일본엔선물특별자산상장지수투자신탁(엔-파생형),특별자산파생,20180416,미래에셋자산운용
292770,K55105C60402,삼성KODEX국채선물3년인버스증권상장지수투자신탁[채권-파생형],채권파생형,20180412,삼성자산운용
293180,K55232C57764,NH-AmundiHANARO200증권상장지수투자신탁[주식],주식형,20180329,엔에이치아문디자산운용
294400,K55206C46472,키움KIWOOM200TotalReturn증권상장지수투자신탁[주식],주식형,20180420,키움투자자산운용
295000,K55223C82712,KBRISE국채선물10년증권상장지수투자신탁(채권-파생형),채권파생형,20180510,케이비자산운용
295020,K55223C82720,KBRISE국채선물10년인버스증권상장지수투자신탁(채권-파생형),채권파생형,20180510,케이비자산운용
295040,K55210C54247,신한SOL200TotalReturn증권상장지수투자신탁[주식],주식형,20180420,신한자산운용
298340,K55213C88959,한화PLUS국채선물3년증권상장지수투자신탁(채권-파생형),채권파생형,20180607,한화자산운용
298770,K55105C75384,삼성KODEX한국대만IT프리미어증권상장지수투자신탁[주식-파생형],주식파생형,20180607,삼성자산운용
300610,K55301CB3302,미래에셋TIGERK게임증권상장지수투자신탁(주식),주식형,20180723,미래에셋자산운용
300640,K55223CB7639,KBRISE게임테마증권상장지수투자신탁(주식),주식형,20180723,케이비자산운용
300950,K55105CB0603,삼성KODEX게임산업증권상장지수투자신탁[주식형],주식형,20180723,삼성자산운용
301400,K55213C86268,한화PLUS코스닥150증권상장지수투자신탁(주식),주식형,20180704,한화자산운용
302190,K55301CA9094,미래에셋TIGER중장기국채증권상장지수투자신탁(채권-파생형),채권파생형,20180719,미래에셋자산운용
302450,K55223CC1474,KBRISE코스피증권상장지수투자신탁(주식),주식형,20180723,케이비자산운용
304660,K55105CD0072,삼성KODEX미국30년국채울트라선물증권상장지수투자신탁[채권-파생형](H),채권파생형,20180910,삼성자산운용
304670,K55105CD0213,삼성KODEX미국30년국채울트라선물인버스증권상장지수투자신탁[채권-파생형](H),채권파생형,20180910,삼성자산운용
304760,K55232CC8866,NH-AmundiHANAROKRX300증권상장지수투자신탁[주식],주식형,20180813,엔에이치아문디자산운용
304770,K55232CC8874,NH-AmundiHANARO코스닥150증권상장지수투자신탁[주식],주식형,20180813,엔에이치아문디자산운용
304780,K55232CC8882,NH-AmundiHANARO200선물레버리지증권상장지수투자신탁[주식-파생형],주식파생형,20180813,엔에이치아문디자산운용
304940,K55105CC4992,삼성KODEX미국나스닥100선물증권상장지수투자신탁[주식-파생형](H),주식파생형,20180828,삼성자산운용
305050,K55101CC3048,한국투자ACE코스피증권상장지수투자신탁(주식),주식형,20181004,한국투자신탁운용
305080,K55301CD2872,미래에셋TIGER미국채10년선물증권상장지수투자신탁(채권-파생형),채권파생형,20180828,미래에셋자산운용
305540,K55301CC8524,미래에셋TIGER2차전지테마증권상장지수투자신탁(주식),주식형,20180911,미래에셋자산운용
305720,K55105CD4207,삼성KODEX 2차전지산업증권상장지수투자신탁[주식],주식형,20180911,삼성자산운용
306520,K55232CD6992,NH-AmundiHANARO200선물인버스증권상장지수투자신탁[주식-파생형],주식파생형,20180917,엔에이치아문디자산운용
306530,K55232CD6984,NH-AmundiHANARO코스닥150선물레버리지증권상장지수투자신탁[주식-파생형],주식파생형,20180917,엔에이치아문디자산운용
306950,K55105CE6045,삼성KODEX KRX300레버리지증권상장지수투자신탁[주식-파생형],주식파생형,20181015,삼성자산운용
307510,K55301CC2055,미래에셋TIGER의료기기증권상장지수투자신탁(주식),주식형,20181107,미래에셋자산운용
307520,K55301CC2063,미래에셋TIGER지주회사증권상장지수투자신탁(주식),주식형,20181107,미래에셋자산운용
308620,K55105CF2639,삼성KODEX미국10년국채선물증권상장지수투자신탁[채권-파생형],채권파생형,20181017,삼성자산운용
309230,K55101CF3110,한국투자ACE미국WideMoat동일가중증권상장지수투자신탁(주식),주식형,20181023,한국투자신탁운용
310080,K55223CG2510,KBRISE중국MSCIChina증권상장지수투자신탁(주식)(H),주식형,20181127,케이비자산운용
310960,K55301CG5203,미래에셋TIGER200TotalReturn증권상장지수투자신탁(주식),주식형,20181119,미래에셋자산운용
310970,K55301CG5815,미래에셋TIGERMSCIKOREATotalReturn증권상장지수투자신탁(주식),주식형,20181119,미래에셋자산운용
314250,K55105CG9971,삼성KODEX 미국빅테크10증권상장지수투자신탁[주식-파생형](H),주식파생형,20190108,삼성자산운용
314700,K55232CI1899,NH-AmundiHANARO농업융복합산업증권상장지수투자신탁[주식],주식형,20181220,엔에이치아문디자산운용
315270,K55301CI8700,미래에셋TIGER200커뮤니케이션서비스증권상장지수투자신탁(주식),주식형,20190114,미래에셋자산운용
315930,K55105CG9781,삼성KODEXTop5PlusTotalReturn증권상장지수투자신탁[주식],주식형,20190121,삼성자산운용
315960,K55223CJ3036,KBRISE대형고배당10TotalReturn증권상장지수투자신탁(주식),주식형,20190121,케이비자산운용
316300,K55101CG5254,한국투자ACE싱가포르리츠부동산상장지수투자신탁(재간접형),부동산,20190124,한국투자신탁운용
316670,K55206CJ2971,키움KIWOOM코스닥150증권상장지수투자신탁[주식],주식형,20190121,키움투자자산운용
319640,K55301CM5189,미래에셋TIGER골드선물특별자산상장지수투자신탁[금-파생형](H),특별자산파생,20190408,미래에셋자산운용
322400,K55232CN9911,NH-AmundiHANAROe커머스증권상장지수투자신탁[주식],주식형,20190422,엔에이치아문디자산운용
322410,K55232CN9895,NH-AmundiHANAROK고배당증권상장지수투자신탁[주식],주식형,20190422,엔에이치아문디자산운용
325010,K55105CP4609,삼성KODEX성장주증권상장지수투자신탁[주식형],주식형,20190530,삼성자산운용
325020,K55105CP4617,삼성KODEX배당가치증권상장지수투자신탁[주식],주식형,20190530,삼성자산운용
326230,K55223CR0586,KBRISE내수주플러스증권상장지수투자신탁(주식),주식형,20190619,케이비자산운용
326240,K55223CR0578,KBRISEIT플러스증권상장지수투자신탁(주식),주식형,20190619,케이비자산운용
328370,K55213CQ4342,한화PLUS코스피TotalReturn증권상장지수투자신탁(주식),주식형,20190624,한화자산운용
329200,K55301CS7395,미래에셋TIGER리츠부동산인프라혼합자산상장지수투자신탁(재간접형),혼합자산,20190718,미래에셋자산운용
329650,K55105CS1271,삼성KODEXTRF3070증권상장지수투자신탁[채권혼합],혼합채권형,20190703,삼성자산운용
329660,K55105CS1263,삼성KODEXTRF5050증권상장지수투자신탁[채권혼합-재간접형],재간접형,20190703,삼성자산운용
329670,K55105CS1255,삼성KODEXTRF7030증권상장지수투자신탁[주식혼합-재간접형],재간접형,20190703,삼성자산운용
329750,K55301CR6349,미래에셋TIGER미국달러단기채권액티브증권상장지수투자신탁(채권-파생형),채권파생형,20190722,미래에셋자산운용
332500,K55101CT6711,한국투자ACE200TotalReturn증권상장지수투자신탁(주식),주식형,20190827,한국투자신탁운용
332610,K55213CS6311,한화PLUS미국단기회사채(AAA~A)증권상장지수투자신탁(채권),채권형,20190816,한화자산운용
332620,K55213CS6329,한화PLUS미국장기우량회사채증권상장지수투자신탁(채권),채권형,20190816,한화자산운용
332930,K55232CU2966,NH-AmundiHANARO200TotalReturn증권상장지수투자신탁[주식],주식형,20190827,엔에이치아문디자산운용
332940,K55232CU2974,NH-AmundiHANAROMSCIKoreaTR증권상장지수투자신탁[주식],주식형,20190827,엔에이치아문디자산운용
334690,K55223CV8484,KBRISE팔라듐선물특별자산상장지수투자신탁(파생형)(H),특별자산파생,20190920,케이비자산운용
334700,K55223CV8492,KBRISE팔라듐선물인버스특별자산상장지수투자신탁(파생형)(H),특별자산파생,20190920,케이비자산운용
336160,K55223CW3484,KBRISE금융채액티브증권상장지수투자신탁(채권),채권형,20191028,케이비자산운용
337120,K55105CX0524,삼성KODEX멀티팩터증권상장지수투자신탁[주식],주식형,20191113,삼성자산운용
337140,K55105CX1886,삼성KODEX코스피대형주증권상장지수투자신탁[주식],주식형,20191113,삼성자산운용
337150,K55105CX0532,삼성KODEX 200exTOP증권상장지수투자신탁[주식],주식형,20191113,삼성자산운용
337160,K55105CX1894,삼성KODEX 200ESG증권상장지수투자신탁[주식],주식형,20191113,삼성자산운용
341850,K55301CY0731,미래에셋TIGER리츠부동산인프라채권부동산상장지수투자신탁(재간접형),부동산,20200521,미래에셋자산운용
352540,K55105D15578,삼성KODEX일본부동산리츠부동산상장지수투자신탁[REITs-파생재간접형](H),부동산파생형,20200508,삼성자산운용
352560,K55105D15560,삼성KODEX미국부동산리츠부동산상장지수투자신탁[REITs-파생재간접형](H),부동산파생형,20200508,삼성자산운용
354240,K55223D48455,KBRISE미국고정배당우선증권ICE증권상장지수투자신탁(주식혼합),혼합주식형,20200508,케이비자산운용
354350,K55232D37269,NH-AmundiHANARO글로벌럭셔리S&amp;P증권상장지수투자신탁(파생)(합성),주식파생형,20200511,엔에이치아문디자산운용
354500,K55101D41516,한국투자ACE코스닥150증권상장지수투자신탁(주식),주식형,20200506,한국투자신탁운용
356540,K55101D34156,한국투자ACE종합채권(AA-이상)액티브증권상장지수투자신탁(채권),채권형,20200715,한국투자신탁운용
357870,K55301D61007,미래에셋TIGERCD금리투자KIS특별자산상장지수투자신탁(CD-파생형)(합성),특별자산파생,20200706,미래에셋자산운용
359210,K55105D41822,삼성KODEX코스피TotalReturn증권상장지수투자신탁[주식],주식형,20200720,삼성자산운용
360140,K55105D60632,삼성KODEX200롱코스닥150숏선물증권상장지수투자신탁[주식-파생형],주식파생형,20200820,삼성자산운용
360150,K55105D60640,삼성KODEX코스닥150롱코스피200숏선물증권상장지수투자신탁[주식-파생형],주식파생형,20200820,삼성자산운용
360200,K55101D78195,한국투자ACE미국S&amp;P500증권상장지수투자신탁(주식),주식형,20200804,한국투자신탁운용
360750,K55301D79199,미래에셋TIGER미국S&amp;P500증권상장지수투자신탁(주식),주식형,20200806,미래에셋자산운용
363510,K55210D56182,신한SOLKIS단기통안채증권상장지수투자신탁[채권],채권형,20200908,신한자산운용
363570,K55105D79160,삼성KODEX장기종합채권(AA-이상)액티브증권상장지수투자신탁[채권],채권형,20200924,삼성자산운용
363580,K55105D67108,삼성KODEX200ITTotalReturn증권상장지수투자신탁[주식],주식형,20200924,삼성자산운용
364690,K55105D92619,삼성KODEX혁신기술테마액티브증권상장지수투자신탁[주식],주식형,20200928,삼성자산운용
364960,K55301DA5547,미래에셋TIGERBBIG증권상장지수투자신탁(주식),주식형,20201006,미래에셋자산운용
364970,K55301DA5562,미래에셋TIGER바이오TOP10증권상장지수투자신탁(주식),주식형,20201006,미래에셋자산운용
364980,K55301DN9130,미래에셋TIGER2차전지TOP10레버리지증권상장지수투자신탁(주식-파생형),주식파생형,20211214,미래에셋자산운용
364990,K55301DA5588,미래에셋TIGER 게임TOP10증권상장지수투자신탁(주식),주식형,20201006,미래에셋자산운용
365000,K55301DA5570,미래에셋TIGER인터넷TOP10증권상장지수투자신탁(주식),주식형,20201006,미래에셋자산운용
365040,K55301D98900,미래에셋TIGERAI코리아그로스액티브증권상장지수투자신탁(주식),주식형,20200928,미래에셋자산운용
365780,K55101D95314,한국투자ACE국고채10년증권상장지수투자신탁(채권),채권형,20201013,한국투자신탁운용
367380,K55101DB1182,한국투자ACE미국나스닥100증권상장지수투자신탁(주식),주식형,20201026,한국투자신탁운용
367740,K55232DB8353,NH-AmundiHANAROFn5G산업증권상장지수투자신탁(주식),주식형,20201028,엔에이치아문디자산운용
367760,K55223DB4882,KBRISE네트워크인프라증권상장지수투자신탁(주식),주식형,20201028,케이비자산운용
368190,K55232DB8908,NH-AmundiHANAROFnK-뉴딜디지털플러스증권상장지수투자신탁[주식],주식형,20201109,엔에이치아문디자산운용
368590,K55223DB4908,KBRISE미국나스닥100증권상장지수투자신탁(주식),주식형,20201104,케이비자산운용
368680,K55105DB2905,삼성KODEX K-뉴딜디지털플러스증권상장지수투자신탁[주식],주식형,20201109,삼성자산운용
371150,K55223DC9849,KBRISE차이나항셍테크증권상장지수투자신탁(주식),주식형,20201214,케이비자산운용
371160,K55301DC8499,미래에셋TIGER차이나항셍테크증권상장지수투자신탁(주식),주식형,20201214,미래에셋자산운용
371450,K55301DC7616,미래에셋TIGER글로벌클라우드컴퓨팅INDXX증권상장지수투자신탁(주식-파생형),주식파생형,20201203,미래에셋자산운용
371460,K55301DC7608,미래에셋TIGER차이나전기차SOLACTIVE증권상장지수투자신탁(주식-파생형),주식파생형,20201203,미래에셋자산운용
371470,K55301DC7590,미래에셋TIGER차이나바이오테크SOLACTIVE증권상장지수투자신탁(주식-파생형),주식파생형,20201203,미래에셋자산운용
371870,K55101DC5406,한국투자ACE차이나항셍테크증권상장지수투자신탁(주식),주식형,20201211,한국투자신탁운용
372330,K55105DB9181,삼성KODEX차이나항셍테크증권상장지수투자신탁[주식],주식형,20201214,삼성자산운용
373490,K55105DC4892,삼성KODEX코리아혁신성장액티브증권상장지수투자신탁[주식],주식형,20201223,삼성자산운용
373790,K55206DC2985,키움KIWOOM미국방어배당성장나스닥증권상장지수투자신탁[주식],주식형,20201223,키움투자자산운용
375270,K55223DE1216,KBRISE글로벌데이터센터리츠부동산상장지수투자신탁(파생형)(합성),부동산파생형,20210111,케이비자산운용
375760,K55232DE0613,NH-Amundi HANARO탄소효율그린뉴딜증권상장지수투자신탁[주식],주식형,20210204,엔에이치아문디자산운용
375770,K55105DD7480,삼성KODEX 탄소효율그린뉴딜증권상장지수투자신탁[주식],주식형,20210204,삼성자산운용
376410,K55301DE5626,미래에셋TIGER탄소효율그린뉴딜증권상장지수투자신탁(주식),주식형,20210204,미래에셋자산운용
377990,K55301DE7374,미래에셋TIGERFn신재생에너지증권상장지수투자신탁(주식),주식형,20210304,미래에셋자산운용
379780,K55223DG4176,KBRISE미국S&amp;P500증권상장지수투자신탁(주식),주식형,20210407,케이비자산운용
379790,K55223DG4184,KBRISE유로스탁스50증권상장지수투자신탁(주식)(H),주식형,20210407,케이비자산운용
379800,K55105DF7322,삼성KODEX미국S&amp;P500증권상장지수투자신탁[주식],주식형,20210407,삼성자산운용
379810,K55105DF7272,삼성KODEX미국나스닥100증권상장지수투자신탁[주식],주식형,20210407,삼성자산운용
380340,K55101DH2341,한국투자ACE코리아AI테크핵심산업증권상장지수투자신탁(주식),주식형,20210401,한국투자신탁운용
381170,K55301DG0369,미래에셋TIGER미국테크TOP10INDXX증권상장지수투자신탁(주식),주식형,20210408,미래에셋자산운용
381180,K55301DF8777,미래에셋TIGER미국필라델피아반도체나스닥증권상장지수투자신탁(주식),주식형,20210408,미래에셋자산운용
381560,K55232DH1816,NH-AmundiHANAROFn전기&amp;수소차증권상장지수투자신탁(주식),주식형,20210401,엔에이치아문디자산운용
381570,K55232DH1824,NH-AmundiHANAROFn친환경에너지증권상장지수투자신탁(주식),주식형,20210401,엔에이치아문디자산운용
385510,K55105DH2776,삼성KODEX신재생에너지액티브증권상장지수투자신탁[주식],주식형,20210524,삼성자산운용
385520,K55105DH2784,삼성KODEX자율주행액티브증권상장지수투자신탁[주식],주식형,20210524,삼성자산운용
385540,K55223DJ2177,KBRISE종합채권(A-이상)액티브증권상장지수투자신탁(채권),채권형,20210524,케이비자산운용
385550,K55223DJ2169,KBRISE단기채권알파액티브증권상장지수투자신탁(채권),채권형,20210524,케이비자산운용
385560,K55223DJ2151,KBRISEKIS국고채30년Enhanced증권상장지수투자신탁(채권),채권형,20210524,케이비자산운용
385590,K55101DI3603,한국투자ACEESG액티브증권상장지수투자신탁(주식),주식형,20210524,한국투자신탁운용
385600,K55101DH7878,한국투자ACE2차전지&amp;친환경차액티브증권상장지수투자신탁(주식),주식형,20210524,한국투자신탁운용
385710,K553J1DJ0288,타임폴리오TIMEK이노베이션액티브증권상장지수투자신탁[주식],주식형,20210524,타임폴리오자산운용
385720,K553J1DJ0270,타임폴리오TIME코스피액티브증권상장지수투자신탁(주식),주식형,20210524,타임폴리오자산운용
387270,K55301DH6423,미래에셋TIGER글로벌이노베이션액티브증권상장지수투자신탁(주식-재간접형),재간접형,20210524,미래에셋자산운용
387280,K55301DH5144,미래에셋TIGER퓨처모빌리티액티브증권상장지수투자신탁(주식),주식형,20210521,미래에셋자산운용
388280,K55223DJ8893,KBRISEK엔터&amp;여행레저증권상장지수투자신탁(주식),주식형,20210609,케이비자산운용
388420,K55223DJ8901,KBRISE비메모리반도체액티브증권상장지수투자신탁(주식),주식형,20210609,케이비자산운용
390390,K55105DJ0265,삼성KODEX 미국반도체증권상장지수투자신탁[주식],주식형,20210628,삼성자산운용
390400,K55105DJ2279,삼성KODEX미국스마트모빌리티S&amp;P증권상장지수투자신탁[주식],주식형,20210628,삼성자산운용
391600,K55101DK6651,한국투자ACE미국친환경그린테마증권상장지수투자신탁(주식),주식형,20210730,한국투자신탁운용
391670,K55224DK4104,흥국HK베스트일레븐액티브증권상장지수투자신탁[주식],주식형,20210705,흥국자산운용
394660,K55301DJ6538,미래에셋TIGER글로벌자율주행&amp;전기차SOLACTIVE증권상장지수투자신탁(주식-파생형),주식파생형,20210716,미래에셋자산운용
394670,K55301DJ6520,미래에셋TIGER글로벌리튬&amp;2차전지SOLACTIVE증권상장지수투자신탁(주식-파생형)(합성),주식파생형,20210716,미래에셋자산운용
395150,K55105DI5380,삼성KODEX웹툰&amp;드라마증권상장지수투자신탁[주식],주식형,20210729,삼성자산운용
395160,K55105DI5372,삼성KODEXAI반도체TOP2플러스증권상장지수투자신탁[주식],주식형,20210729,삼성자산운용
395170,K55105DK2011,삼성KODEX Top10동일가중증권상장지수투자신탁[주식],주식형,20210729,삼성자산운용
395270,K55232DL2867,NH-AmundiHANAROFnK-반도체증권상장지수투자신탁(주식),주식형,20210729,엔에이치아문디자산운용
395280,K55232DL2875,NH-AmundiHANAROFnK-게임증권상장지수투자신탁(주식),주식형,20210729,엔에이치아문디자산운용
395290,K55232DL2883,NH-AmundiHANAROFnK-POP&amp;미디어증권상장지수투자신탁(주식),주식형,20210729,엔에이치아문디자산운용
395750,K55213DK8967,한화PLUSESG가치주액티브증권상장지수투자신탁(주식),주식형,20210729,한화자산운용
395760,K55213DK8959,한화PLUSESG성장주액티브증권상장지수투자신탁(주식),주식형,20210729,한화자산운용
396500,K55301DL2400,미래에셋TIGER반도체TOP10증권상장지수투자신탁(주식),주식형,20210809,미래에셋자산운용
396510,K55301DL2350,미래에셋TIGER차이나클린에너지SOLACTIVE증권상장지수투자신탁(주식-파생형),주식파생형,20210806,미래에셋자산운용
396520,K55301DL2376,미래에셋TIGER차이나반도체FACTSET증권상장지수투자신탁(주식-파생형),주식파생형,20210806,미래에셋자산운용
399110,K55210DM8224,신한SOL미국S&amp;P500ESG증권상장지수투자신탁[주식],주식형,20210910,신한자산운용
399580,K55223DK6670,KBRISE글로벌클린에너지S&amp;P증권상장지수투자신탁(주식),주식형,20211019,케이비자산운용
400570,K55105DL9742,삼성KODEX 유럽탄소배출권선물ICE특별자산상장지수투자신탁[탄소배출권-파생형](H),특별자산파생,20210928,삼성자산운용
400580,K55210DN2341,신한SOL유럽탄소배출권선물S&amp;P특별자산상장지수투자신탁[탄소배출권-파생형](H),특별자산파생,20210928,신한자산운용
400590,K55210DN2358,신한SOL글로벌탄소배출권선물ICE특별자산상장지수투자신탁[탄소배출권-파생형](합성),특별자산파생,20210928,신한자산운용
400970,K55301DM9925,미래에셋TIGERFn메타버스증권상장지수투자신탁(주식),주식형,20211012,미래에셋자산운용
401470,K55105DM5970,삼성KODEX메타버스액티브증권상장지수투자신탁[주식],주식형,20211012,삼성자산운용
401590,K55232DN1263,NH-AmundiHANARO글로벌탄소배출권선물ICE특별자산상장지수투자신탁(탄소배출권-파생형)(합성),특별자산파생,20210929,엔에이치아문디자산운용
402460,K55232DN6882,NH-AmundiHANAROFnK-메타버스MZ증권상장지수투자신탁(주식),주식형,20211012,엔에이치아문디자산운용
402970,K55101DN4471,한국투자ACE미국배당다우존스증권상장지수투자신탁(주식),주식형,20211019,한국투자신탁운용
403790,K55303DM7976,마이다스MIDAS코스피액티브증권상장지수투자신탁(주식),주식형,20211012,마이다스에셋자산운용
404120,K553J1DO1974,타임폴리오TIMEK신재생에너지액티브증권상장지수투자신탁(주식),주식형,20211028,타임폴리오자산운용
404260,K55105DN4469,삼성KODEX기후변화솔루션증권상장지수투자신탁[주식],주식형,20211028,삼성자산운용
404540,K55301DN6458,미래에셋TIGERKRX기후변화솔루션증권상장지수투자신탁(주식),주식형,20211028,미래에셋자산운용
404650,K55210DO1706,신한SOLKRX기후변화솔루션증권상장지수투자신탁[주식],주식형,20211028,신한자산운용
407300,K55232DO9380,NH-AmundiHANAROFn골프테마증권상장지수투자신탁(주식),주식형,20211123,엔에이치아문디자산운용
407310,K55232DO9372,NH-AmundiHANARO200TOP10증권상장지수투자신탁(주식),주식형,20211123,엔에이치아문디자산운용
407820,K55364DO6337,에셋플러스에셋플러스코리아플랫폼액티브증권상장지수투자신탁(주식),주식형,20211115,에셋플러스자산운용
407830,K55364DO6345,에셋플러스에셋플러스글로벌플랫폼액티브증권상장지수투자신탁(주식),주식형,20211112,에셋플러스자산운용
409810,K55105DO3262,삼성KODEX미국나스닥100선물인버스증권상장지수투자신탁[주식-파생형](H),주식파생형,20211207,삼성자산운용
409820,K55105DO3122,삼성KODEX 미국나스닥100레버리지증권상장지수투자신탁[주식-파생형](합성H),주식파생형,20211207,삼성자산운용
410870,K553J1DP1767,타임폴리오TIMEK컬처액티브증권상장지수투자신탁(주식),주식형,20211214,타임폴리오자산운용
411060,K55101DN7441,한국투자ACEKRX금현물특별자산상장지수투자신탁(금),특별자산,20211213,한국투자신탁운용
411420,K55105DO3916,삼성KODEX미국나스닥AI테크액티브증권상장지수투자신탁[주식],주식형,20211220,삼성자산운용
411540,K55210DP5615,신한SOL200TOP10증권상장지수투자신탁[주식],주식형,20211208,신한자산운용
411860,K55206DP5553,키움KIWOOM독일DAX증권상장지수투자신탁[주식],주식형,20211221,키움투자자산운용
412560,K55301DN9403,미래에셋TIGERBBIG레버리지증권상장지수투자신탁(주식-파생형),주식파생형,20211214,미래에셋자산운용
412570,K55301DN9130,미래에셋TIGER2차전지TOP10레버리지증권상장지수투자신탁(주식-파생형),주식파생형,20211214,미래에셋자산운용
412770,K55301DP1325,미래에셋TIGER글로벌AI플랫폼액티브증권상장지수투자신탁(주식),주식형,20211220,미래에셋자산운용
413220,K55210DP7488,신한SOL차이나태양광CSI증권상장지수투자신탁[주식혼합-파생형](합성),혼합주식파생형,20211220,신한자산운용
413930,K55107DP6908,우리WONAIESG액티브증권상장지수투자신탁(주식),주식형,20220104,우리자산운용
414270,K55101DP1319,한국투자ACE글로벌자율주행액티브증권상장지수투자신탁(주식),주식형,20220214,한국투자신탁운용
414780,K55301DG2696,미래에셋TIGER차이나과창판STAR50증권상장지수투자신탁(주식-파생형)(합성),주식파생형,20220111,미래에셋자산운용
415340,K55105DF0137,삼성KODEX차이나과창판STAR50증권상장지수투자신탁[주식-파생형](합성),주식파생형,20220111,삼성자산운용
415760,K55210DQ3494,신한SOL차이나육성산업액티브증권상장지수투자신탁[주식혼합-파생형](합성),혼합주식파생형,20220111,신한자산운용
415920,K55213DH4276,한화PLUS글로벌희토류&amp;전략자원생산기업증권상장지수투자신탁(주식),주식형,20220114,한화자산운용
416090,K55101DP7530,한국투자ACE중국과창판STAR50증권상장지수투자신탁(주식),주식형,20220107,한국투자신탁운용
417450,K55223DQ9652,KBRISE글로벌수소경제Indxx증권상장지수투자신탁(주식),주식형,20220208,케이비자산운용
417630,K55301DQ0219,미래에셋TIGERKEDI혁신기업ESG30증권상장지수투자신탁(주식),주식형,20220207,미래에셋자산운용
418660,K55301DQ3577,미래에셋TIGER미국나스닥100레버리지증권상장지수투자신탁(주식혼합-파생형)(합성),혼합주식파생형,20220218,미래에셋자산운용
418670,K55301DQ2231,미래에셋TIGER글로벌AI사이버보안INDXX증권상장지수투자신탁(주식),주식형,20220218,미래에셋자산운용
419420,K55105DK9826,삼성KODEX미국클린에너지나스닥증권상장지수투자신탁[주식],주식형,20220318,삼성자산운용
419430,K55105DQ0258,삼성KODEX차이나2차전지MSCI증권상장지수투자신탁[주식-파생형](합성),주식파생형,20220318,삼성자산운용
419650,K55213DQ0364,한화PLUS글로벌수소&amp;차세대연료전지증권상장지수투자신탁(주식),주식형,20220211,한화자산운용
419890,K55206DR4802,키움KIWOOM단기채권ESG액티브증권상장지수투자신탁[채권],채권형,20220225,키움투자자산운용
421320,K55213DR8713,한화PLUS우주항공증권상장지수투자신탁(주식),주식형,20220328,한화자산운용
422420,K55223DS8611,KBRISE2차전지액티브증권상장지수투자신탁(주식),주식형,20220407,케이비자산운용
423160,K55105DR9373,삼성KODEXKOFR금리액티브특별자산상장지수투자신탁[금리-파생형](합성),특별자산파생,20220425,삼성자산운용
423170,K55210DS2478,신한SOL글로벌AI반도체탑픽액티브증권상장지수투자신탁[주식],주식형,20220408,신한자산운용
426020,K553J1DT1904,타임폴리오TIME미국S&amp;P500액티브증권상장지수투자신탁(주식),주식형,20220509,타임폴리오자산운용
426030,K553J1DT1912,타임폴리오TIME미국나스닥100액티브증권상장지수투자신탁(주식),주식형,20220509,타임폴리오자산운용
426150,K55107DT5260,우리WON대한민국국고채액티브증권상장지수투자신탁(채권),채권형,20220509,우리자산운용
427120,K55223DT7141,KBRISEAI플랫폼증권상장지수투자신탁(주식),주식형,20220516,케이비자산운용
428510,K55105DS5081,삼성KODEX차이나AI테크액티브증권상장지수투자신탁[주식],주식형,20220513,삼성자산운용
428560,K55105DS5107,삼성KODEX 미국ETF산업Top10Indxx증권상장지수투자신탁[주식],주식형,20220513,삼성자산운용
429000,K55301DS7063,미래에셋TIGER미국S&amp;P500배당귀족증권상장지수투자신탁(주식),주식형,20220516,미래에셋자산운용
429010,K55301DT2428,미래에셋TIGER미국나스닥넥스트100증권상장지수투자신탁(주식),주식형,20220516,미래에셋자산운용
429740,K55213DT8232,한화PLUSK리츠부동산상장지수투자신탁(재간접형),부동산,20220523,한화자산운용
429760,K55213DS7136,한화PLUS미국S&amp;P500증권상장지수투자신탁(주식),주식형,20220527,한화자산운용
429980,K55210DU0411,신한SOL한국형글로벌전기차&amp;2차전지액티브증권상장지수투자신탁[주식],주식형,20220610,신한자산운용
430500,K55206DT2960,키움KIWOOM물가채KIS증권상장지수투자신탁[채권],채권형,20220530,키움투자자산운용
432600,K55223DU5613,KBRISE국채선물3년증권상장지수투자신탁(채권-파생형),채권파생형,20220613,케이비자산운용
432840,K55232DU0555,NH-AmundiHANARO미국S&amp;P500증권상장지수투자신탁(주식),주식형,20220607,엔에이치아문디자산운용
433220,K55364DP8696,에셋플러스에셋플러스글로벌대장장이액티브증권상장지수투자신탁(주식),주식형,20220624,에셋플러스자산운용
433250,K55373DU6130,현대UNICORNR&amp;D액티브증권상장지수투자신탁[주식],주식형,20220705,현대자산운용
433330,K55210DU6020,신한SOL미국S&amp;P500증권상장지수투자신탁[주식],주식형,20220617,신한자산운용
433500,K55101DU0363,한국투자ACE원자력TOP10증권상장지수투자신탁(주식),주식형,20220627,한국투자신탁운용
434730,K55232DU8475,NH-AmundiHANARO원자력iSelect증권상장지수투자신탁(주식),주식형,20220627,엔에이치아문디자산운용
434960,K55203DT1106,대신DAISHINK200증권상장지수투자신탁[주식],주식형,20220627,대신자산운용
435040,K55101DU3912,한국투자ACE글로벌브랜드TOP10증권상장지수투자신탁(주식),주식형,20220627,한국투자신탁운용
435420,K55301DU4926,미래에셋TIGER미국나스닥100채권혼합50증권상장지수투자신탁(채권혼합),혼합채권형,20220701,미래에셋자산운용
436140,K55210DV5914,신한SOL종합채권(AA-이상)액티브증권상장지수투자신탁[채권],채권형,20220805,신한자산운용
437070,K55105DR4770,삼성KODEX아시아달러채권ESG플러스액티브증권상장지수투자신탁[채권],채권형,20220803,삼성자산운용
437080,K55105DR4788,삼성KODEX미국종합채권ESG액티브증권상장지수투자신탁[채권](H),채권형,20220803,삼성자산운용
437350,K55223DV1603,KBRISE미국단기투자등급회사채액티브증권상장지수투자신탁(채권),채권형,20220725,케이비자산운용
437370,K55223DV1611,KBRISE글로벌농업경제MV증권상장지수투자신탁(주식),주식형,20220722,케이비자산운용
438080,K55101DU8887,한국투자ACE미국S&amp;P500미국채혼합50액티브증권상장지수투자신탁(채권혼합),혼합채권형,20220825,한국투자신탁운용
438100,K55101DU8879,한국투자ACE미국나스닥100미국채혼합50액티브증권상장지수투자신탁(채권혼합),혼합채권형,20220825,한국투자신탁운용
438320,K55301DV8900,미래에셋TIGER차이나항셍테크레버리지증권상장지수투자신탁(주식혼합-파생형)(합성H),혼합주식파생형,20220819,미래에셋자산운용
438330,K55301DW0609,미래에셋TIGER우량회사채액티브증권상장지수투자신탁(채권),채권형,20220818,미래에셋자산운용
438560,K55210DW6796,신한SOL국고채3년증권상장지수투자신탁[채권],채권형,20220905,신한자산운용
438570,K55210DW6804,신한SOL국고채10년증권상장지수투자신탁[채권],채권형,20220905,신한자산운용
438740,K55303DW3692,마이다스MIDAS중소형액티브증권상장지수투자신탁(주식),주식형,20220816,마이다스에셋자산운용
438900,K55232DW2039,NH-AmundiHANAROFnK-푸드증권상장지수투자신탁(주식),주식형,20220816,엔에이치아문디자산운용
439860,K55105DR2899,삼성KODEXESG종합채권(A-이상)액티브증권상장지수투자신탁[채권],채권형,20220822,삼성자산운용
439870,K55105DV4568,삼성KODEX국고채30년액티브증권상장지수투자신탁[채권],채권형,20220822,삼성자산운용
440340,K55301DW0591,미래에셋TIGER글로벌멀티에셋TIF액티브증권상장지수투자신탁(채권혼합),혼합채권형,20220826,미래에셋자산운용
440640,K55101DW2771,한국투자ACE단기채권알파액티브증권상장지수투자신탁(채권),채권형,20220822,한국투자신탁운용
440650,K55101DW3258,한국투자ACE미국달러단기채권액티브증권상장지수투자신탁(채권),채권형,20220822,한국투자신탁운용
440910,K55107DW3997,우리WON미국우주항공방산증권상장지수투자신탁(주식),주식형,20220825,우리자산운용
441540,K55232DV7591,NH-AmundiHANAROFn조선해운증권상장지수투자신탁(주식),주식형,20220914,엔에이치아문디자산운용
441680,K55301DX0400,미래에셋TIGER미국나스닥100커버드콜증권상장지수투자신탁(주식-파생형)(합성),주식파생형,20220920,미래에셋자산운용
441800,K553J1DW4846,타임폴리오TIMEKorea플러스배당액티브증권상장지수투자신탁[주식],주식형,20220926,타임폴리오자산운용
442090,K55364DP6658,에셋플러스에셋플러스코리아대장장이액티브증권상장지수투자신탁(주식),주식형,20220919,에셋플러스자산운용
442260,K55216DW2765,DB마이티다이나믹퀀트액티브증권상장지수투자신탁[주식],주식형,20221024,디비자산운용
442320,K55223DX4944,KBRISE글로벌원자력iSelect증권상장지수투자신탁(주식),주식형,20220926,케이비자산운용
442580,K55213DW6843,한화PLUS글로벌HBM반도체증권상장지수투자신탁(주식),주식형,20220920,한화자산운용
444200,K55210DX6936,신한SOL코리아메가테크액티브증권상장지수투자신탁[주식],주식형,20221017,신한자산운용
444490,K55107DX3483,우리WON미국S&amp;P500증권상장지수투자신탁(주식),주식형,20220930,우리자산운용
445150,K55105DW7461,삼성KODEX친환경조선해운액티브증권상장지수투자신탁[주식],주식형,20221110,삼성자산운용
445290,K55105DW7453,삼성KODEX로봇액티브증권상장지수투자신탁[주식],주식형,20221110,삼성자산운용
445690,K55240DY2458,BNKBNK주주가치액티브증권상장지수투자신탁(주식),주식형,20221024,비엔케이자산운용
445910,K55301DX5334,미래에셋TIGERMKF배당귀족증권상장지수투자신탁(주식),주식형,20221017,미래에셋자산운용
446690,K55105DX9912,삼성KODEX아시아AI반도체exChina액티브증권상장지수투자신탁[주식],주식형,20230130,삼성자산운용
446700,K55223DY3945,KBRISE배터리리사이클링iSelect증권상장지수투자신탁(주식),주식형,20221031,케이비자산운용
446720,K55210DY2868,신한SOL미국배당다우존스증권상장지수투자신탁[주식],주식형,20221111,신한자산운용
446770,K55101DY2753,한국투자ACE글로벌반도체TOP4Plus증권상장지수투자신탁(주식),주식형,20221114,한국투자신탁운용
447430,K55101DY4338,한국투자ACE주주환원가치주액티브증권상장지수투자신탁(주식),주식형,20221114,한국투자신탁운용
447620,K55210DY4419,신한SOL미국TOP5채권혼합50증권상장지수투자신탁[채권혼합],혼합채권형,20221125,신한자산운용
447660,K55213DY4341,한화PLUS애플채권혼합증권상장지수투자신탁(채권혼합),혼합채권형,20221125,한화자산운용
447770,K55301DY0649,미래에셋TIGER테슬라채권혼합Fn증권상장지수투자신탁(채권혼합),혼합채권형,20221125,미래에셋자산운용
448100,K55107DY2526,우리WON200증권상장지수투자신탁(주식),주식형,20221215,우리자산운용
448290,K55301DY6612,미래에셋TIGER미국S&amp;P500증권상장지수투자신탁(주식-파생형)(H),주식파생형,20221123,미래에셋자산운용
448300,K55301DY5762,미래에셋TIGER미국나스닥100증권상장지수투자신탁(주식-파생형)(H),주식파생형,20221123,미래에셋자산운용
448330,K55105DX9797,삼성KODEX삼성전자채권혼합증권상장지수투자신탁[채권혼합],혼합채권형,20221128,삼성자산운용
448490,K55232DY8190,NH-AmundiHANARO32-10국고채액티브증권상장지수투자신탁(채권),채권형,20221121,엔에이치아문디자산운용
448540,K55101DY6929,한국투자ACE엔비디아채권혼합증권상장지수투자신탁(채권혼합),혼합채권형,20221128,한국투자신탁운용
448570,K55104DY6843,브이아이FOCUSAI코리아액티브증권상장지수투자신탁[주식],주식형,20221114,브이아이자산운용
448630,K55223DY8589,KBRISE삼성그룹Top3채권혼합블룸버그증권상장지수투자신탁(채권혼합),혼합채권형,20221128,케이비자산운용
449170,K55301DY1209,미래에셋TIGERKOFR금리액티브증권상장지수투자신탁(채권혼합-파생형)(합성),혼합채권파생형,20221128,미래에셋자산운용
449180,K55105DY7584,삼성KODEX미국S&amp;P500증권상장지수투자신탁[주식](H),주식형,20221130,삼성자산운용
449190,K55105DY7576,삼성KODEX미국나스닥100증권상장지수투자신탁[주식](H),주식형,20221130,삼성자산운용
449450,K55213DZ4142,한화PLUSK방산증권상장지수투자신탁(주식),주식형,20230104,한화자산운용
449580,K55223DZ2888,KBRISE테슬라애플아마존채권혼합iSelect증권상장지수투자신탁(채권혼합),혼합채권형,20221216,케이비자산운용
449680,K55301DZ1141,미래에셋TIGER한중전기차증권상장지수투자신탁(주식-파생형)(합성),주식파생형,20221221,미래에셋자산운용
449690,K55301DZ0994,미래에셋TIGER한중반도체증권상장지수투자신탁(주식-파생형)(합성),주식파생형,20221221,미래에셋자산운용
449770,K55206DZ1360,키움KIWOOM미국S&amp;P500증권상장지수투자신탁[주식],주식형,20221216,키움투자자산운용
449780,K55206EQ5684,키움KIWOOM미국S&amp;P500&amp;GOLD증권상장지수투자신탁[주식],주식형,20251205,키움투자자산운용
450180,K55105DY8624,삼성KODEX한중전기차증권상장지수투자신탁[주식-파생형](합성),주식파생형,20221220,삼성자산운용
450190,K55105DY8616,삼성KODEX한중반도체증권상장지수투자신탁[주식-파생형](합성),주식파생형,20221220,삼성자산운용
450910,K55210DZ4459,신한SOL코스닥150증권상장지수투자신탁[주식],주식형,20230130,신한자산운용
451000,K55213DZ2997,한화PLUS종합채권(AA-이상)액티브증권상장지수투자신탁(채권),채권형,20230106,한화자산운용
451060,K55102DZ8758,하나1Q200액티브증권상장지수투자신탁[주식],주식형,20230130,하나자산운용
451150,K55364DY2573,에셋플러스에셋플러스글로벌영에이지액티브증권상장지수투자신탁(주식),주식형,20230127,에셋플러스자산운용
451530,K55301DZ7882,미래에셋TIGER국고채30년스트립액티브증권상장지수투자신탁(채권),채권형,20230127,미래에셋자산운용
451540,K55301DZ7460,미래에셋TIGER종합채권(AA-이상)액티브증권상장지수투자신탁(채권),채권형,20230127,미래에셋자산운용
451600,K55213E00166,한화PLUS국고채30년액티브증권상장지수투자신탁(채권),채권형,20230203,한화자산운용
451670,K55223E00629,KBRISE국채30년레버리지KAP증권상장지수투자신탁(채권-파생형)(합성),채권파생형,20230213,케이비자산운용
452250,K55101DZ9039,한국투자ACE미국30년국채선물레버리지증권상장지수투자신탁(채권-파생형)(합성H),채권파생형,20230202,한국투자신탁운용
452360,K55210E06284,신한SOL미국배당다우존스증권상장지수투자신탁[주식](H),주식형,20230317,신한자산운용
453010,K55213E07260,한화PLUSKOFR금리특별자산상장지수투자신탁(금리),특별자산,20230310,한화자산운용
453060,K55232E07666,NH-AmundiHANAROKOFR금리액티브특별자산상장지수투자신탁(금리-파생형)(합성),특별자산파생,20230313,엔에이치아문디자산운용
453080,K55206E01648,키움KIWOOM미국나스닥100증권상장지수투자신탁[주식](H),주식형,20230310,키움투자자산운용
453330,K55223EP9769,KBRISE미국S&amp;P500데일리고정커버드콜증권상장지수투자신탁(주식),주식형,20251219,케이비자산운용
453630,K55105DZ2634,삼성KODEX미국S&amp;P500필수소비재증권상장지수투자신탁[주식],주식형,20230317,삼성자산운용
453640,K55105DZ2626,삼성KODEX미국S&amp;P500헬스케어증권상장지수투자신탁[주식],주식형,20230317,삼성자산운용
453650,K55105DZ6536,삼성KODEX미국S&amp;P500금융증권상장지수투자신탁[주식],주식형,20230317,삼성자산운용
453660,K55105DZ6528,삼성KODEX미국S&amp;P500경기소비재증권상장지수투자신탁[주식],주식형,20230317,삼성자산운용
453810,K55105E00263,삼성KODEX인도Nifty50증권상장지수투자신탁[주식-파생형],주식파생형,20230419,삼성자산운용
453820,K55105E00685,삼성KODEX인도Nifty50레버리지증권상장지수투자신탁[주식-파생형](합성),주식파생형,20230419,삼성자산운용
453850,K55101E03860,한국투자ACE미국30년국채액티브증권상장지수투자신탁[채권](H),채권형,20230310,한국투자신탁운용
453870,K55301E05564,미래에셋TIGER인도니프티50증권상장지수투자신탁(주식-파생형),주식파생형,20230412,미래에셋자산운용
453950,K55301E05523,미래에셋TIGERTSMC파운드리밸류체인증권상장지수투자신탁(주식),주식형,20230330,미래에셋자산운용
454180,K55206E09914,키움KIWOOM차이나내수소비TOPCSI증권상장지수투자신탁[주식-파생형],주식파생형,20230331,키움투자자산운용
454320,K55232E17012,NH-AmundiHANAROCAPEX설비투자iSelect증권상장지수투자신탁(주식),주식형,20230417,엔에이치아문디자산운용
454780,K55206E15705,키움KIWOOM종합채권(AA-이상)액티브증권상장지수투자신탁[채권],채권형,20230405,키움투자자산운용
455030,K55105E10130,삼성KODEX미국달러SOFR금리액티브특별자산상장지수투자신탁[금리-파생형](합성),특별자산파생,20230331,삼성자산운용
455660,K55101E13018,한국투자ACE미국하이일드액티브증권상장지수투자신탁[채권-재간접형](H),재간접형,20230414,한국투자신탁운용
455850,K55210E09965,신한SOLAI반도체소부장증권상장지수투자신탁[주식],주식형,20230424,신한자산운용
455860,K55210E15681,신한SOL2차전지소부장Fn증권상장지수투자신탁[주식],주식형,20230424,신한자산운용
455890,K55223E22581,KBRISE머니마켓액티브증권상장지수투자신탁(채권),채권형,20230508,케이비자산운용
455960,K55223E20338,KBRISE미국달러SOFR금리액티브특별자산상장지수투자신탁(금리-파생형)(합성),특별자산파생,20230512,케이비자산운용
456200,K55213E23085,한화PLUS미국달러SOFR금리액티브특별자산상장지수투자신탁(금리-파생형)(합성),특별자산파생,20230504,한화자산운용
456250,K55105E16996,삼성KODEX유럽명품TOP10STOXX증권상장지수투자신탁[주식],주식형,20230421,삼성자산운용
456600,K553J1E23876,타임폴리오TIME글로벌AI인공지능액티브증권상장지수투자신탁[주식],주식형,20230515,타임폴리오자산운용
456610,K55301E17064,미래에셋TIGER미국달러SOFR금리액티브특별자산상장지수투자신탁(금리-파생형)(합성),특별자산파생,20230504,미래에셋자산운용
456680,K55301E17478,미래에셋TIGER차이나전기차레버리지증권상장지수투자신탁(주식혼합-파생형)(합성),혼합주식파생형,20230504,미래에셋자산운용
457480,K55101E19387,한국투자ACE테슬라밸류체인액티브증권상장지수투자신탁(주식),주식형,20230515,한국투자신탁운용
457690,K55105E17036,삼성KODEX33-06국고채액티브증권상장지수투자신탁[채권],채권형,20230525,삼성자산운용
457700,K55105E17044,삼성KODEX53-09국고채액티브증권상장지수투자신탁[채권],채권형,20230525,삼성자산운용
457930,K55240E32568,BNKBNK미래전략기술액티브증권상장지수투자신탁(주식),주식형,20230619,비엔케이자산운용
457990,K55213E13359,한화PLUS태양광&amp;ESS증권상장지수투자신탁(주식),주식형,20230619,한화자산운용
458030,K55107E28500,우리WON국공채머니마켓액티브증권상장지수투자신탁(채권),채권형,20230526,우리자산운용
458210,K55206E24624,키움KIWOOMCD금리액티브특별자산상장지수투자신탁[금리-파생형](합성),특별자산파생,20230522,키움투자자산운용
458250,K55301E15670,미래에셋TIGER미국30년국채스트립액티브증권상장지수투자신탁(채권-파생형)(합성H),채권파생형,20230525,미래에셋자산운용
458260,K55301E15696,미래에셋TIGER미국투자등급회사채액티브증권상장지수투자신탁(채권)(H),채권형,20230525,미래에셋자산운용
458730,K55301E27634,미래에셋TIGER미국배당다우존스증권상장지수투자신탁(주식),주식형,20230616,미래에셋자산운용
458750,K55301E27642,미래에셋TIGER 미국배당다우존스타겟커버드콜1호증권상장지수투자신탁(주식-파생형),주식파생형,20230616,미래에셋자산운용
458760,K55301E27659,미래에셋TIGER미국배당다우존스타겟커버드콜2호증권상장지수투자신탁(주식-파생형),주식파생형,20230616,미래에셋자산운용
459560,K55105E22382,삼성KODEX테슬라밸류체인FactSet증권상장지수투자신탁[주식-파생형],주식파생형,20230605,삼성자산운용
459580,K55105E24776,삼성KODEXCD금리액티브증권상장지수투자신탁[채권혼합-파생형](합성),혼합채권파생형,20230602,삼성자산운용
459750,K55223E32523,KBRISE글로벌주식분산액티브증권상장지수투자신탁(주식-재간접형),재간접형,20230623,케이비자산운용
459790,K55206E19798,키움KIWOOM미국성장기업30액티브증권상장지수투자신탁[주식],주식형,20230622,키움투자자산운용
460270,K55206E24574,키움KIWOOM미국달러SOFR금리액티브특별자산상장지수투자신탁[금리-파생형](합성),특별자산파생,20230616,키움투자자산운용
460660,K55223E34644,KBRISE미국S&amp;P배당킹증권상장지수투자신탁(주식),주식형,20230623,케이비자산운용
460960,K55101E30004,한국투자ACE글로벌인컴TOP10증권상장지수투자신탁[혼합-재간접형],재간접형,20230707,한국투자신탁운용
461340,K55232E40014,NH-AmundiHANARO글로벌생성형AI액티브증권상장지수투자신탁(주식),주식형,20230707,엔에이치아문디자산운용
461450,K55105E22598,삼성KODEX코스닥글로벌증권상장지수투자신탁[주식],주식형,20230628,삼성자산운용
461460,K55213E35667,한화PLUS국고채10년액티브증권상장지수투자신탁(채권),채권형,20230714,한화자산운용
461490,K55223E34636,KBRISE글로벌자산배분액티브증권상장지수투자신탁(혼합-재간접형),재간접형,20230623,케이비자산운용
461500,K55232E28837,NH-AmundiHANARO종합채권(AA-이상)액티브증권상장지수투자신탁(채권),채권형,20231025,엔에이치아문디자산운용
461580,K55301E34366,미래에셋TIGER코스닥글로벌증권상장지수투자신탁(주식),주식형,20230628,미래에셋자산운용
461600,K55210E40440,신한SOL미국30년국채액티브증권상장지수투자신탁[채권](H),채권형,20230707,신한자산운용
461900,K55213E31534,한화PLUS미국테크TOP10증권상장지수투자신탁(주식),주식형,20230714,한화자산운용
461910,K55213E31542,한화PLUS미국테크TOP10레버리지증권상장지수투자신탁(주식혼합-파생형)(합성),혼합주식파생형,20230714,한화자산운용
461950,K55105E32290,삼성KODEX2차전지핵심소재10증권상장지수투자신탁[주식],주식형,20230703,삼성자산운용
462010,K55301E34416,미래에셋TIGER2차전지소재Fn증권상장지수투자신탁(주식),주식형,20230712,미래에셋자산운용
462330,K55105E32308,삼성KODEX2차전지산업레버리지증권상장지수투자신탁[주식-파생형],주식파생형,20230703,삼성자산운용
462340,K55364E27897,에셋플러스에셋플러스글로벌다이나믹시니어액티브증권상장지수투자신탁(주식),주식형,20230721,에셋플러스자산운용
462900,K553N9E27494,삼성액티브KoAct바이오헬스케어액티브증권상장지수투자신탁[주식],주식형,20230802,삼성액티브자산운용
463050,K553J1E46927,타임폴리오TIMEK바이오액티브증권상장지수투자신탁[주식],주식형,20230816,타임폴리오자산운용
463250,K55301E34424,미래에셋TIGERK방산&amp;우주증권상장지수투자신탁(주식),주식형,20230724,미래에셋자산운용
463290,K55102E37825,하나1Q단기금융채액티브증권상장지수투자신탁[채권],채권형,20230802,하나자산운용
463300,K55223E45640,KBRISE중국본토CSI300증권상장지수투자신탁(주식),주식형,20230804,케이비자산운용
463640,K55105E38388,삼성KODEX미국S&amp;P500유틸리티증권상장지수투자신탁[주식],주식형,20230728,삼성자산운용
463680,K55105E38396,삼성KODEX미국S&amp;P500테크놀로지증권상장지수투자신탁[주식],주식형,20230728,삼성자산운용
463690,K55105E38404,삼성KODEX 미국S&amp;P500커뮤니케이션증권상장지수투자신탁[주식],주식형,20230728,삼성자산운용
464240,K55206E39770,키움KIWOOM26-09회사채(AA-이상)액티브증권상장지수투자신탁[채권],채권형,20230811,키움투자자산운용
464310,K55301E40645,미래에셋TIGER글로벌AI&amp;로보틱스INDXX증권상장지수투자신탁(주식),주식형,20230816,미래에셋자산운용
464470,K55213E52282,한화PLUS미국채30년액티브증권상장지수투자신탁(채권),채권형,20230818,한화자산운용
464600,K55210E48609,신한SOL자동차소부장Fn증권상장지수투자신탁[주식],주식형,20230821,신한자산운용
464610,K55210E48559,신한SOL의료기기소부장Fn증권상장지수투자신탁[주식],주식형,20230821,신한자산운용
464920,K55213E52290,한화PLUS일본반도체소부장증권상장지수투자신탁(주식),주식형,20230829,한화자산운용
464930,K55301E40066,미래에셋TIGER글로벌혁신블루칩TOP10증권상장지수투자신탁(주식),주식형,20230825,미래에셋자산운용
465330,K55301DA5554,미래에셋TIGER2차전지TOP10증권상장지수투자신탁(주식),주식형,20201006,미래에셋자산운용
465350,K55223E57157,KBRISE2차전지TOP10인버스iSelect증권상장지수투자신탁(주식-파생형)(합성),주식파생형,20230907,케이비자산운용
465580,K55101E52479,한국투자ACE미국빅테크TOP7Plus증권상장지수투자신탁(주식),주식형,20230907,한국투자신탁운용
465610,K55101E52487,한국투자ACE미국빅테크TOP7Plus레버리지증권상장지수투자신탁(주식-파생형)(합성),주식파생형,20230907,한국투자신탁운용
465620,K55101E52495,한국투자ACE미국빅테크TOP7Plus인버스증권상장지수투자신탁(주식-파생형)(합성),주식파생형,20230907,한국투자신탁운용
465660,K55301E49406,미래에셋TIGER일본반도체FACTSET증권상장지수투자신탁(주식),주식형,20230915,미래에셋자산운용
465670,K55301E49703,미래에셋TIGER미국캐시카우100증권상장지수투자신탁(주식),주식형,20230915,미래에셋자산운용
465780,K55216E57284,DB마이티26-09특수채(AAA)액티브증권상장지수투자신탁[채권],채권형,20230918,디비자산운용
466810,K55240E62094,BNKBNK2차전지양극재증권상장지수투자신탁(주식),주식형,20231018,비엔케이자산운용
466920,K55210E57725,신한SOL조선TOP3플러스증권상장지수투자신탁[주식],주식형,20231004,신한자산운용
466930,K55210E57717,신한SOL자동차TOP3플러스증권상장지수투자신탁[주식],주식형,20231004,신한자산운용
466940,K55301E61591,미래에셋TIGER은행고배당플러스TOP10증권상장지수투자신탁(주식),주식형,20231016,미래에셋자산운용
466950,K55301E58613,미래에셋TIGER글로벌AI액티브증권상장지수투자신탁(주식),주식형,20231010,미래에셋자산운용
468370,K55105E57099,삼성KODEXiShares미국인플레이션국채액티브증권상장지수투자신탁[채권-재간접형],재간접형,20231017,삼성자산운용
468380,K55105E57081,삼성KODEXiShares미국하이일드액티브증권상장지수투자신탁[채권-재간접형],재간접형,20231017,삼성자산운용
468630,K55105E57073,삼성KODEXiShares미국투자등급회사채액티브증권상장지수투자신탁[채권-재간접형],재간접형,20231017,삼성자산운용
469050,K55223E65911,KBRISE미국반도체NYSE증권상장지수투자신탁(주식)(H),주식형,20231020,케이비자산운용
469060,K55223E65903,KBRISE미국반도체NYSE증권상장지수투자신탁(주식),주식형,20231020,케이비자산운용
469070,K55223E63783,KBRISEAI&amp;로봇증권상장지수투자신탁(주식),주식형,20231023,케이비자산운용
469150,K55101E67600,한국투자ACEAI반도체TOP3+증권상장지수투자신탁(주식),주식형,20231016,한국투자신탁운용
469160,K55101E66032,한국투자ACE일본반도체증권상장지수투자신탁(주식),주식형,20231013,한국투자신탁운용
469170,K55101E67568,한국투자ACE포스코그룹포커스증권상장지수투자신탁(주식),주식형,20231016,한국투자신탁운용
469530,K55223E65788,KBRISE미국달러선물인버스특별자산상장지수투자신탁(미국달러-파생형),특별자산파생,20231107,케이비자산운용
469790,K55206E61196,키움KIWOOM코리아테크TOP10증권상장지수투자신탁[주식],주식형,20231030,키움투자자산운용
469830,K55210E67161,신한SOL초단기채권액티브증권상장지수투자신탁[채권],채권형,20231106,신한자산운용
470310,K55373E72456,현대UNICORN생성형AI강소기업액티브증권상장지수투자신탁[주식],주식형,20231120,현대자산운용
471040,K553N9E63887,삼성액티브KoAct글로벌AI&amp;로봇액티브증권상장지수투자신탁[주식],주식형,20231117,삼성액티브자산운용
471230,K55105E67924,삼성KODEX국고채10년액티브증권상장지수투자신탁[채권],채권형,20231113,삼성자산운용
471460,K55206E71195,키움KIWOOM국고채30년액티브증권상장지수투자신탁[채권],채권형,20231102,키움투자자산운용
471760,K55301E68273,미래에셋TIGERAI반도체핵심공정증권상장지수투자신탁(주식),주식형,20231120,미래에셋자산운용
471780,K55301E68232,미래에셋TIGER코리아테크액티브증권상장지수투자신탁(주식),주식형,20231124,미래에셋자산운용
471990,K55105E71488,삼성KODEXAI반도체핵심장비증권상장지수투자신탁[주식],주식형,20231120,삼성자산운용
472150,K55301DY9046,미래에셋TIGER배당커버드콜액티브증권상장지수투자신탁(주식),주식형,20231211,미래에셋자산운용
472160,K55301E73182,미래에셋TIGER미국테크TOP10INDXX증권상장지수투자신탁(주식)(H),주식형,20231201,미래에셋자산운용
472170,K55301E70402,미래에셋TIGER미국테크TOP10채권혼합증권상장지수투자신탁(채권혼합),혼합채권형,20231201,미래에셋자산운용
472720,K55363E76664,트러스톤TRUSTON주주가치액티브증권상장지수투자신탁[주식],주식형,20231213,트러스톤자산운용
472830,K55223E76066,KBRISE미국30년국채커버드콜증권상장지수투자신탁(채권-파생형)(합성),채권파생형,20231213,케이비자산운용
472840,K55234E63129,IBKIBK200증권상장지수투자신탁[주식],주식형,20231220,아이비케이자산운용
472870,K55223E77825,KBRISE미국30년국채엔화노출증권상장지수투자신탁(채권-파생형)(합성H),채권파생형,20231222,케이비자산운용
472920,K55224E73350,흥국HK종합채권(AA-이상)액티브증권상장지수투자신탁[채권],채권형,20231127,흥국자산운용
473290,K55105E71496,삼성KODEX26-12회사채(AA-이상)액티브증권상장지수투자신탁[채권],채권형,20231211,삼성자산운용
473330,K55210E76444,신한SOL미국30년국채커버드콜증권상장지수투자신탁[채권-파생형](합성),채권파생형,20231226,신한자산운용
473440,K55101E75520,한국투자ACE11월만기자동연장회사채(AA-이상)액티브증권상장지수투자신탁(채권),채권형,20231215,한국투자신탁운용
473460,K55105E67171,삼성KODEX미국서학개미증권상장지수투자신탁[주식],주식형,20231222,삼성자산운용
473490,K55206E80451,키움KIWOOM글로벌AI반도체증권상장지수투자신탁[주식],주식형,20231220,키움투자자산운용
473590,K55101E54012,한국투자ACE미국주식베스트셀러증권상장지수투자신탁(주식),주식형,20231226,한국투자신탁운용
473640,K55232E64931,NH-AmundiHANARO글로벌금채굴기업증권상장지수투자신탁[주식],주식형,20240116,엔에이치아문디자산운용
474220,K55301E79429,미래에셋TIGER미국테크TOP10타겟커버드콜증권상장지수투자신탁(주식-파생형),주식파생형,20240112,미래에셋자산운용
474390,K55210E79489,신한SOL국고채30년액티브증권상장지수투자신탁[채권],채권형,20240115,신한자산운용
474590,K55107E85195,우리WON반도체밸류체인액티브증권상장지수투자신탁(주식),주식형,20240115,우리자산운용
474800,K55206E81673,키움KIWOOM미국원유에너지기업증권상장지수투자신탁[주식],주식형,20240112,키움투자자산운용
474920,K55364E70822,에셋플러스에셋플러스차이나일등기업포커스10액티브증권상장지수투자신탁(주식),주식형,20240112,에셋플러스자산운용
475050,K55101E79688,한국투자ACEKPOP포커스증권상장지수투자신탁(주식),주식형,20240129,한국투자신탁운용
475070,K553N9E74926,삼성액티브KoAct글로벌친환경전력인프라액티브증권상장지수투자신탁[주식],주식형,20240116,삼성액티브자산운용
475080,K55105E76727,삼성KODEX테슬라커버드콜채권혼합액티브증권상장지수투자신탁[채권혼합-파생형],혼합채권파생형,20240119,삼성자산운용
475260,K55101E80470,한국투자ACE2월만기자동연장회사채AA-이상액티브증권상장지수투자신탁(채권),채권형,20240119,한국투자신탁운용
475270,K55101E80488,한국투자ACE5월만기자동연장회사채AA-이상액티브증권상장지수투자신탁(채권),채권형,20240119,한국투자신탁운용
475280,K55101E80496,한국투자ACE8월만기자동연장회사채AA-이상액티브증권상장지수투자신탁(채권),채권형,20240119,한국투자신탁운용
475300,K55210E84638,신한SOL반도체전공정증권상장지수투자신탁[주식],주식형,20240213,신한자산운용
475310,K55210E84646,신한SOL반도체후공정증권상장지수투자신탁[주식],주식형,20240213,신한자산운용
475350,K55223E85687,KBRISE버크셔포트폴리오TOP10증권상장지수투자신탁(주식),주식형,20240222,케이비자산운용
475380,K55223E85695,KBRISE글로벌리얼티인컴부동산상장지수투자신탁(재간접형),부동산,20240215,케이비자산운용
475630,K55301E85343,미래에셋TIGERCD1년금리액티브증권상장지수투자신탁(채권혼합-파생형)(합성),혼합채권파생형,20240201,미래에셋자산운용
475720,K55223E88442,KBRISE200위클리커버드콜증권상장지수투자신탁(주식-파생형),주식파생형,20240304,케이비자산운용
476000,K55373E91357,현대UNICORN포스트IPO액티브증권상장지수투자신탁[주식],주식형,20240226,현대자산운용
476030,K55210E88118,신한SOL미국나스닥100증권상장지수투자신탁[주식],주식형,20240308,신한자산운용
476070,K55105E79341,삼성KODEX글로벌비만치료제TOP2Plus증권상장지수투자신탁[주식],주식형,20240208,삼성자산운용
476260,K55232E86629,NH-AmundiHANARO반도체핵심공정주도주증권상장지수투자신탁(주식),주식형,20240226,엔에이치아문디자산운용
476310,K55223E89259,KBRISE글로벌비만산업TOP2+증권상장지수투자신탁(주식),주식형,20240222,케이비자산운용
476450,K55206E91755,키움KIWOOM머니마켓액티브증권상장지수투자신탁[채권],채권형,20240222,키움투자자산운용
476550,K55301E88107,미래에셋TIGER미국30년국채커버드콜액티브증권상장지수투자신탁(채권-재간접형)(H),재간접형,20240223,미래에셋자산운용
476690,K55105E79341,삼성KODEX글로벌비만치료제TOP2Plus증권상장지수투자신탁[주식],주식형,20240208,삼성자산운용
476750,K55101E91790,한국투자ACE미국30년국채엔화노출액티브증권상장지수투자신탁[채권](H),채권형,20240308,한국투자신탁운용
476760,K55101E91865,한국투자ACE미국30년국채액티브증권상장지수투자신탁[채권],채권형,20240308,한국투자신탁운용
476800,K55105E84051,삼성KODEX한국부동산리츠인프라부동산상장지수투자신탁[재간접형],부동산,20240304,삼성자산운용
476850,K553N9E80501,삼성액티브KoAct배당성장액티브증권상장지수투자신탁[주식],주식형,20240226,삼성액티브자산운용
477050,K55213E90027,한화PLUS머니마켓액티브증권상장지수투자신탁(채권),채권형,20240322,한화자산운용
477080,K55223E89887,KBRISECD금리액티브특별자산상장지수투자신탁(금리-파생형)(합성),특별자산파생,20240325,케이비자산운용
477490,K55364E79047,에셋플러스에셋플러스글로벌일등기업포커스10액티브증권상장지수투자신탁(주식),주식형,20240315,에셋플러스자산운용
477730,K55105E89613,삼성KODEX인도타타그룹증권상장지수투자신탁[주식-파생형],주식파생형,20240507,삼성자산운용
478150,K553J1E98415,타임폴리오TIME글로벌우주테크&amp;방산액티브증권상장지수투자신탁(주식),주식형,20240422,타임폴리오자산운용
479080,K55102EA1314,하나1Q머니마켓액티브증권상장지수투자신탁[채권],채권형,20240401,하나자산운용
479520,K55223E98490,KBRISEKOFR금리액티브증권상장지수투자신탁(채권혼합-파생형)(합성),혼합채권파생형,20240429,케이비자산운용
479620,K55210E99222,신한SOL미국AI반도체칩메이커증권상장지수투자신탁[주식],주식형,20240412,신한자산운용
479730,K55301E98973,미래에셋TIGER인도빌리언컨슈머증권상장지수투자신탁(주식),주식형,20240513,미래에셋자산운용
479850,K55232E99861,NH-AmundiHANAROK-뷰티증권상장지수투자신탁(주식),주식형,20240415,엔에이치아문디자산운용
480020,K55101E97763,한국투자ACE미국빅테크7+데일리타겟커버드콜증권상장지수투자신탁(주식-파생형)(합성),주식파생형,20240418,한국투자신탁운용
480030,K55101E97755,한국투자ACE미국500데일리타겟커버드콜증권상장지수투자신탁(주식-파생형)(합성),주식파생형,20240418,한국투자신탁운용
480040,K55101E96450,한국투자ACE미국반도체데일리타겟커버드콜증권상장지수투자신탁(주식-파생형)(합성),주식파생형,20240418,한국투자신탁운용
480260,K55301E99955,미래에셋TIGER27-04회사채(A+이상)액티브증권상장지수투자신탁(채권),채권형,20240417,미래에셋자산운용
480310,K55301E97694,미래에셋TIGER글로벌온디바이스AI증권상장지수투자신탁(주식),주식형,20240412,미래에셋자산운용
480460,K55107EA8553,우리WON한국부동산TOP3플러스부동산상장지수투자신탁(재간접형),부동산,20240426,우리자산운용
481050,K55105E94878,삼성KODEXCD1년금리플러스액티브증권상장지수투자신탁[채권혼합-파생형](합성),혼합채권파생형,20240419,삼성자산운용
481060,K55105EA0792,삼성KODEX미국30년국채타겟커버드콜증권상장지수투자신탁[채권-파생형](합성 H),채권파생형,20240426,삼성자산운용
481180,K55210EA9985,신한SOL미국AI소프트웨어증권상장지수투자신탁[주식],주식형,20240510,신한자산운용
481190,K55210EB0009,신한SOL미국테크TOP10증권상장지수투자신탁[주식],주식형,20240517,신한자산운용
481340,K55223EB1457,KBRISE미국30년국채액티브증권상장지수투자신탁(채권),채권형,20240524,케이비자산운용
481430,K55223EB1440,KBRISE국고채10년액티브증권상장지수투자신탁(채권),채권형,20240520,케이비자산운용
482030,K553N9E96812,삼성액티브KoAct반도체&amp;2차전지핵심소재액티브상장지수투자신탁[주식],주식형,20240513,삼성액티브자산운용
482730,K55301EB0231,미래에셋TIGER미국S&amp;P500타겟데일리커버드콜증권상장지수투자신탁(주식),주식형,20240520,미래에셋자산운용
483020,K55206EB5608,키움KIWOOM의료AI증권상장지수투자신탁[주식],주식형,20240527,키움투자자산운용
483030,K55206EB3249,키움KIWOOM미국블록버스터바이오테크의약품+증권상장지수투자신탁[주식],주식형,20240524,키움투자자산운용
483280,K55105EA9041,삼성KODEX미국AI테크TOP10타겟커버드콜증권상장지수투자신탁[주식-파생형],주식파생형,20240524,삼성자산운용
483290,K55105EA8589,삼성KODEX미국배당다우존스타겟커버드콜증권상장지수투자신탁[주식-파생형],주식파생형,20240524,삼성자산운용
483320,K55101EB6172,한국투자ACE엔비디아밸류체인액티브증권상장지수투자신탁(주식),주식형,20240610,한국투자신탁운용
483330,K55101EB6081,한국투자ACE마이크로소프트밸류체인액티브증권상장지수투자신탁(주식),주식형,20240610,한국투자신탁운용
483340,K55101EB6099,한국투자ACE구글밸류체인액티브증권상장지수투자신탁(주식),주식형,20240610,한국투자신탁운용
483570,K55365EB1596,케이씨지아이KCGI미국S&amp;P500TOP10증권상장지수투자신탁[주식],주식형,20240524,케이씨지아이자산운용
484790,K55105EB5592,삼성KODEX미국30년국채액티브증권상장지수투자신탁[채권-재간접형](H),재간접형,20240614,삼성자산운용
484880,K55210EB4720,신한SOL금융지주플러스고배당증권상장지수투자신탁[주식],주식형,20240624,신한자산운용
484890,K55210EB3979,신한SOL머니마켓액티브증권상장지수투자신탁[채권],채권형,20240624,신한자산운용
485540,K55105EB3902,삼성KODEX미국AI테크TOP10증권상장지수투자신탁[주식],주식형,20240621,삼성자산운용
485690,K55223EB6860,KBRISE미국AI밸류체인TOP3Plus증권상장지수투자신탁(주식),주식형,20240719,케이비자산운용
485810,K553J1EB9138,타임폴리오TIME글로벌바이오액티브증권상장지수투자신탁[주식],주식형,20240701,타임폴리오자산운용
486240,K55203EA9349,대신DAISHINAI반도체&amp;인프라액티브증권상장지수투자신탁[주식],주식형,20240617,대신자산운용
486290,K55301EB5578,미래에셋TIGER미국나스닥100타겟데일리커버드콜증권상장지수투자신탁(주식),주식형,20240621,미래에셋자산운용
486450,K55210EC2509,신한SOL미국AI전력인프라증권상장지수투자신탁[주식],주식형,20240712,신한자산운용
486830,K55232EC9151,NH-AmundiHANARO머니마켓액티브증권상장지수투자신탁(채권),채권형,20240715,엔에이치아문디자산운용
487130,K553N9EC3266,삼성액티브KoActAI인프라액티브증권상장지수투자신탁[주식],주식형,20240708,삼성액티브자산운용
487230,K55105EC0527,삼성KODEX미국AI전력핵심인프라증권상장지수투자신탁[주식],주식형,20240705,삼성자산운용
487240,K55105EC1749,삼성KODEXAI전력핵심설비증권상장지수투자신탁[주식],주식형,20240708,삼성자산운용
487340,K55101EC8482,한국투자ACE머니마켓액티브증권상장지수투자신탁(채권),채권형,20240705,한국투자신탁운용
487750,K55240EC9136,BNKBNK온디바이스AI증권상장지수투자신탁(주식),주식형,20240722,비엔케이자산운용
487910,K55101EB6453,한국투자ACE인도컨슈머파워액티브증권상장지수투자신탁(주식),주식형,20240906,한국투자신탁운용
487920,K55101EC1768,한국투자ACE인도시장대표Big5그룹액티브증권상장지수투자신탁(주식),주식형,20240906,한국투자신탁운용
487950,K55105EB3910,삼성KODEX대만테크고배당다우존스증권상장지수투자신탁[주식],주식형,20240719,삼성자산운용
488080,K55301EC6161,미래에셋TIGER반도체TOP10레버리지증권상장지수투자신탁(주식-파생형),주식파생형,20240722,미래에셋자산운용
488200,K55206ED2207,키움KIWOOMK-2차전지북미공급망증권상장지수투자신탁[주식],주식형,20240722,키움투자자산운용
488210,K55206ED2215,키움KIWOOMK-반도체북미공급망증권상장지수투자신탁[주식],주식형,20240722,키움투자자산운용
488290,K55303EC8553,마이다스MIDAS일본테크액티브증권상장지수투자신탁(주식),주식형,20240802,마이다스에셋자산운용
488480,K55223EC5739,KBRISE일본섹터TOP4Plus증권상장지수투자신탁(주식),주식형,20240816,케이비자산운용
488500,K55301EC3069,미래에셋TIGER미국S&amp;P500동일가중증권상장지수투자신탁(주식),주식형,20240722,미래에셋자산운용
488720,K55107E34441,우리WON종합채권(AA-이상)액티브증권상장지수투자신탁(채권),채권형,20240802,우리자산운용
488770,K55105EC8033,삼성KODEX머니마켓액티브증권상장지수투자신탁[채권],채권형,20240805,삼성자산운용
488980,K55210EC9603,신한SOL26-12회사채(AA-이상)액티브증권상장지수투자신탁[채권],채권형,20241007,신한자산운용
489000,K55213ED2661,한화PLUS일본엔화초단기국채증권상장지수투자신탁(채권-파생형)(합성),채권파생형,20240809,한화자산운용
489030,K55213ED8726,한화PLUS고배당주위클리커버드콜증권상장지수투자신탁(주식-파생형),주식파생형,20240812,한화자산운용
489250,K55105EC8025,삼성KODEX미국배당다우존스증권상장지수투자신탁[주식],주식형,20240809,삼성자산운용
489290,K55107ED8337,우리WON미국빌리어네어증권상장지수투자신탁(주식),주식형,20240830,우리자산운용
489860,K55206ED3411,키움KIWOOM글로벌전력GRID인프라증권상장지수투자신탁[주식],주식형,20240826,키움투자자산운용
490090,K55301ED3241,미래에셋TIGER미국AI빅테크10증권상장지수투자신탁(주식),주식형,20240823,미래에셋자산운용
490330,K553N9ED6821,삼성액티브KoAct미국치매&amp;뇌질환치료제액티브증권상장지수투자신탁[주식],주식형,20240830,삼성액티브자산운용
490480,K55210EE0741,신한SOLK방산증권상장지수투자신탁[주식],주식형,20240930,신한자산운용
490490,K55210EE0519,신한SOL미국배당미국채혼합50증권상장지수투자신탁[채권혼합],혼합채권형,20240920,신한자산운용
490590,K55223ED1158,KBRISE미국AI밸류체인데일리고정커버드콜증권상장지수투자신탁(주식-파생형),주식파생형,20240927,케이비자산운용
490600,K55223ED1166,KBRISE미국배당100데일리고정커버드콜증권상장지수투자신탁(주식),주식형,20240920,케이비자산운용
491010,K55301EE3190,미래에셋TIGER글로벌AI전력인프라액티브증권상장지수투자신탁(주식),주식형,20240909,미래에셋자산운용
491090,K55105EE0194,삼성KODEX미국테크TOP3플러스증권상장지수투자신탁[주식],주식형,20240906,삼성자산운용
491220,K55213EE1753,한화PLUS200TotalReturn증권상장지수투자신탁(주식),주식형,20240909,한화자산운용
491230,K55213EE1068,한화PLUS국공채머니마켓액티브증권상장지수투자신탁(채권),채권형,20240906,한화자산운용
491510,K55207EE5208,교보악사파워K-주주가치액티브증권상장지수투자신탁[주식],주식형,20240923,교보악사자산운용
491610,K55102ED3689,하나1QCD금리액티브증권상장지수투자신탁[채권혼합-파생형](합성),혼합채권파생형,20240923,하나자산운용
491620,K55223ED9417,KBRISE미국테크100데일리고정커버드콜증권상장지수투자신탁(주식-파생형),주식파생형,20240927,케이비자산운용
491630,K55223ED9425,KBRISE미국반도체인버스증권상장지수투자신탁(주식-파생형)(합성H),주식파생형,20241018,케이비자산운용
491700,K55224ED5836,흥국HK200증권상장지수투자신탁[주식],주식형,20240909,흥국자산운용
491820,K55232EE1347,NH-AmundiHANARO전력설비투자증권상장지수투자신탁(주식),주식형,20240923,엔에이치아문디자산운용
491830,K55301EE2671,미래에셋TIGER미국AI반도체팹리스증권상장지수투자신탁(주식),주식형,20240920,미래에셋자산운용
492500,K55102EE8018,하나1Q현대차그룹채권(A+이상)&amp;국고통안증권상장지수투자신탁[채권],채권형,20240930,하나자산운용
493420,K55210EE8074,신한SOL미국배당다우존스2호증권상장지수투자신탁[주식],주식형,20241004,신한자산운용
493810,K55301ED3282,미래에셋TIGER미국AI빅테크10타겟데일리커버드콜증권상장지수투자신탁(주식),주식형,20241011,미래에셋자산운용
494180,K553J1EF1685,타임폴리오 TIME글로벌소비트렌드액티브증권상장지수투자신탁(주식),주식형,20241028,타임폴리오자산운용
494210,K55210EC9637,신한SOL미국500타켓데일리커버드콜액티브증권상장지수투자신탁[주식-파생형],주식파생형,20241011,신한자산운용
494220,K55373EF1006,현대UNICORNSK하이닉스밸류체인액티브증권상장지수투자신탁[주식],주식형,20241106,현대자산운용
494300,K55105EE2919,삼성KODEX미국나스닥100데일리커버드콜OTM증권상장지수투자신탁[주식-파생형],주식파생형,20241016,삼성자산운용
494310,K55105EE8742,삼성KODEX반도체레버리지증권상장지수투자신탁[주식-파생형],주식파생형,20241021,삼성자산운용
494330,K55101EE7904,한국투자ACE라이프자산주주가치액티브증권상장지수투자신탁(주식),주식형,20241014,한국투자신탁운용
494340,K55101EE6187,한국투자ACE글로벌AI맞춤형반도체증권상장지수투자신탁(주식),주식형,20241018,한국투자신탁운용
494410,K55213EF0978,한화PLUS미국S&amp;P500성장주증권상장지수투자신탁(주식),주식형,20241018,한화자산운용
494420,K55213EF1380,한화PLUS미국배당증가성장주데일리커버드콜증권상장지수투자신탁(주식-파생형),주식파생형,20241018,한화자산운용
494670,K55301EE9692,미래에셋TIGER조선TOP10증권상장지수투자신탁(주식),주식형,20241021,미래에셋자산운용
494840,K55301EE9171,미래에셋TIGER미국방산TOP10증권상장지수투자신탁(주식),주식형,20241025,미래에셋자산운용
494890,K55105EE6431,삼성KODEX200액티브증권상장지수투자신탁[주식-파생형],주식파생형,20241028,삼성자산운용
495040,K55213EF9375,한화PLUS코리아밸류업증권상장지수투자신탁(주식),주식형,20241101,한화자산운용
495050,K55223EF9191,KBRISE코리아밸류업증권상장지수투자신탁(주식),주식형,20241101,케이비자산운용
495060,K553J1EF9274,타임폴리오TIME코리아밸류업액티브증권상장지수투자신탁(주식),주식형,20241101,타임폴리오자산운용
495230,K553N9EF9468,삼성액티브KoAct코리아밸류업액티브증권상장지수투자신탁[주식],주식형,20241101,삼성액티브자산운용
495330,K55102EF9791,하나1Q코리아밸류업증권상장지수투자신탁[주식],주식형,20241101,하나자산운용
495550,K55210EF9550,신한SOL코리아밸류업TotalReturn증권상장지수투자신탁[주식],주식형,20241101,신한자산운용
495750,K55232EF9588,NH-AmundiHANARO코리아밸류업증권상장지수투자신탁[주식],주식형,20241101,엔에이치아문디자산운용
495850,K55105EF9186,삼성KODEX코리아밸류업증권상장지수투자신탁[주식],주식형,20241101,삼성자산운용
495940,K55223EF7427,KBRISE미국AI테크액티브증권상장지수투자신탁(주식),주식형,20241122,케이비자산운용
496020,K55107EG2030,우리WON전단채플러스액티브증권상장지수투자신탁(채권),채권형,20241115,우리자산운용
496080,K55301EF9618,미래에셋TIGER코리아밸류업증권상장지수투자신탁(주식),주식형,20241101,미래에셋자산운용
496090,K55206EF9358,키움KIWOOM코리아밸류업증권상장지수투자신탁[주식],주식형,20241101,키움투자자산운용
496120,K55101EF9826,한국투자ACE코리아밸류업증권상장지수투자신탁(주식),주식형,20241101,한국투자신탁운용
496130,K55363EF9738,트러스톤TRUSTON코리아밸류업액티브증권상장지수투자신탁[주식],주식형,20241101,트러스톤자산운용
496770,K55213EF7411,한화PLUS글로벌방산증권상장지수투자신탁(주식),주식형,20241108,한화자산운용
497510,K55101EF6160,한국투자ACE글로벌빅파마증권상장지수투자신탁(주식),주식형,20241115,한국투자신탁운용
497520,K55101EG1343,한국투자ACE일라이릴리밸류체인증권상장지수투자신탁(주식),주식형,20241115,한국투자신탁운용
497570,K55301EF4932,미래에셋TIGER미국필라델피아AI반도체나스닥증권상장지수투자신탁(주식),주식형,20241122,미래에셋자산운용
497780,K553N9EF5557,삼성액티브KoAct미국천연가스인프라액티브증권상장지수투자신탁[주식],주식형,20241206,삼성액티브자산운용
497880,K55210EF7273,신한SOLCD금리&amp;머니마켓액티브증권상장지수투자신탁[채권],채권형,20241125,신한자산운용
498050,K55232EF5040,NH-AmundiHANARO바이오코리아액티브증권상장지수투자신탁[주식],주식형,20241125,엔에이치아문디자산운용
498180,K55207EF7450,교보악사파워종합채권(AA-이상)액티브증권상장지수투자신탁[채권],채권형,20241125,교보악사자산운용
498270,K55206EE9458,키움KIWOOM미국양자컴퓨팅증권상장지수투자신탁[주식],주식형,20241216,키움투자자산운용
498400,K55105EG3659,삼성KODEX200타겟위클리커버드콜증권상장지수투자신탁[주식-파생형],주식파생형,20241202,삼성자산운용
498410,K55105EF7263,삼성KODEX금융고배당TOP10타겟위클리커버드콜증권상장지수투자신탁[주식-파생형],주식파생형,20241216,삼성자산운용
498610,K55223EF1479,KBRISE인도디지털성장증권상장지수투자신탁(주식-파생형),주식파생형,20250328,케이비자산운용
498860,K55223EG3144,KBRISE코리아금융고배당증권상장지수투자신탁(주식),주식형,20241209,케이비자산운용
499150,K55210EF7513,신한SOL미국S&amp;P500엔화노출증권상장지수투자신탁[주식-파생형](H),주식파생형,20241129,신한자산운용
499660,K55301EF8008,미래에셋TIGERCD금리플러스액티브증권상장지수투자신탁(채권혼합-파생형)(합성),혼합채권파생형,20241211,미래에셋자산운용
