statute_id,statute_name,article,title,effective_date,source_url,evidence_ref,excerpt,verified_at,recheck_due
PSR_ART11_1_4,퇴직연금감독규정,제11조 제1항 제4호,적립금 운용방법 등 (원리금보장 및 채권형 등 100% 안전자산),2023-11-16,https://www.law.go.kr/LSW//admRulInfoP.do?admRulSeq=2100000244795&chrClsCd=010201,data/regulatory/sources/statutes/퇴직연금감독규정_20260905.txt,4. 영 제25조제1항 각호에 따른 원리금보장 운용방법 및 제1호부터 제3호까지의 증권에만 투자하는 집합투자증권등,2026-09-05T15:15:00+09:00,2026-12-04
PSR_ART11_1_5,퇴직연금감독규정,제11조 제1항 제5호,적립금 운용방법 등 (주식 50% 미만 채권혼합형 100% 안전자산),2023-11-16,https://www.law.go.kr/LSW//admRulInfoP.do?admRulSeq=2100000244795&chrClsCd=010201,data/regulatory/sources/statutes/퇴직연금감독규정_20260905.txt,5. 약관 또는 정관상 주식의 투자한도가 집합투자기구 자산총액의 100분의 50 미만인 증권형집합투자증권등(투자적격등급 이외의 채무증권에 대한 투자한도가 100분의 30을 초과하는 것은 제외한다),2026-09-05T15:15:00+09:00,2026-12-04
PSR_ART11_1_6,퇴직연금감독규정,제11조 제1항 제6호,적립금 운용방법 등 (단기금융집합투자기구 MMF 100% 안전자산),2023-11-16,https://www.law.go.kr/LSW//admRulInfoP.do?admRulSeq=2100000244795&chrClsCd=010201,data/regulatory/sources/statutes/퇴직연금감독규정_20260905.txt,6. 「자본시장법」제229조제5호의 단기금융집합투자기구가 발행하는 집합투자증권,2026-09-05T15:15:00+09:00,2026-12-04
PSR_ART11_1_9,퇴직연금감독규정,제11조 제1항 제9호,적립금 운용방법 등 (적격 TDF 100% 안전자산),2023-11-16,https://www.law.go.kr/LSW//admRulInfoP.do?admRulSeq=2100000244795&chrClsCd=010201,data/regulatory/sources/statutes/퇴직연금감독규정_20260905.txt,9. 투자목표시점이 명시되어 있고 이와 연동하여 자산배분 등이 조정되도록 투자설명서 상 운용계획으로 명시되어 있는 집합투자기구로서 감독원장이 정한 기준을 충족한 집합투자증권,2026-09-05T15:15:00+09:00,2026-12-04
PSR_ART9_1_2,퇴직연금감독규정,제9조 제1항 제2호 마목,증권 및 기타 적립금 운용방법의 종류 등 (1배수 상장지수집합투자기구 파생위험평가액 100% 한도 허용),2023-11-16,https://www.law.go.kr/LSW//admRulInfoP.do?admRulSeq=2100000244795&chrClsCd=010201,data/regulatory/sources/statutes/퇴직연금감독규정_20260905.txt,"다만, 「자본시장법」제234조제1항에서 정하는 바에 따라 국내 증권시장에 상장된 상장지수집합투자기구(이하 ""상장지수집합투자기구""라 한다)의 집합투자증권(상장지수집합투자기구가 목표로 하는 지수의 변화에 1배를 초과하거나 음의 배율로 연동하여 운용하는 것은 제외한다)으로서 기초자산 중 증권의 가격 또는 지수에 연동하기 위하여 동법 제5조제3항에서 정하는 장외파생상품(이하, ""장외파생상품""이라 한다)을 중요한 운용수단으로 하는 경우에는 위험평가액이 집합투자기구 자산총액의 100분의 100을 초과하는 것으로 한다.",2026-09-05T15:15:00+09:00,2026-12-04
PSR_ART11_2,퇴직연금감독규정,제11조 제2항,적립금 운용방법 등 (DC 및 IRP 투자 불가 운용방법),2023-11-16,https://www.law.go.kr/LSW//admRulInfoP.do?admRulSeq=2100000244795&chrClsCd=010201,data/regulatory/sources/statutes/퇴직연금감독규정_20260905.txt,② 확정기여형퇴직연금 및 개인형퇴직연금의 경우 다음 각 호의 운용방법에는 투자할 수 없다.,2026-09-05T15:40:00+09:00,2026-12-04
MOEL_WRBA_RULE_ART10_1_2,근로자퇴직급여 보장법 시행규칙,제10조 제1항 제2호,위험자산의 범위 및 운용기준 (DC 및 IRP 위험자산 투자한도 70%),2022-07-12,https://www.law.go.kr/LSW/lsInfoP.do?lsiSeq=243903&chrClsCd=010202,data/regulatory/sources/statutes/근로자퇴직급여보장법시행규칙_20260905.txt,2. 확정기여형퇴직연금제도 및 개인형퇴직연금제도: 가입자별 전체 적립금의 100분의 70,2026-09-05T15:40:00+09:00,2026-12-04
ED_WRBA_ART26_1_2,근로자퇴직급여 보장법 시행령,제26조 제1항 제2호 가목,개인형퇴직연금제도의 적립금 운용방법 등 (위험자산 총투자한도 70% 제한 위임),2024-06-25,https://www.law.go.kr/LSW/lsInfoP.do?lsiSeq=258055&chrClsCd=010202,data/regulatory/sources/statutes/근로자퇴직급여보장법시행령_20260905.txt,가. 제1호 각 목에 따른 운용방법 중 제25조제1항 각 호에 따른 원리금보장 운용방법과 증권에 대한 분산투자 등으로 투자위험을 낮춘 운용방법으로서 금융위원회가 고시하는 운용방법을 제외한 운용방법에 대해서는 고용노동부령으로 정하는 총투자한도 내에서 운용할 것.,2026-09-05T15:17:00+09:00,2026-12-04
FSC_NOT_2023_56,금융위원회고시 제2023-56호,제11조 제1항 제5호 개정,퇴직연금감독규정 일부개정고시 (채권혼합형 주식 투자한도 40% 이하 -> 50% 미만 상향),2023-11-16,https://www.law.go.kr/LSW//admRulInfoP.do?admRulSeq=2100000228308&chrClsCd=010201,data/regulatory/sources/statutes/금융위원회고시_제2023-56호_20231116.txt,5. 약관 또는 정관상 주식의 투자한도가 집합투자기구 자산총액의 100분의 50 미만인 증권형집합투자증권등(투자적격등급 이외의 채무증권에 대한 투자한도가 100분의 30을 초과하는 것은 제외한다),2026-09-05T15:18:00+09:00,2026-12-04
FSC_NOT_2018_23,금융위원회고시 제2018-23호,제11조 제1항 제6호 신설 (현행 제9호),퇴직연금감독규정 일부개정고시 (적격 TDF 퇴직연금 편입 허용),2018-09-07,https://www.law.go.kr/LSW//admRulInfoP.do?admRulSeq=2100000154932&chrClsCd=010201,data/regulatory/sources/statutes/금융위원회고시_제2018-23호_20180907.txt,6. 투자목표시점이 명시되어 있고 이와 연동하여 자산배분 등이 조정되도록 투자설명서 상 운용계획으로 명시되어 있는 집합투자기구로서 감독원장이 정한 기준을 충족한 집합투자증권,2026-09-05T15:19:00+09:00,2026-12-04
KOFIA_FUND_TYPE_STD,금융투자회사의 영업 및 업무에 관한 규정 시행세칙,제27조 및 [별지 제15호],집합투자기구 분류 (약관상 최고편입한도 50% 이하 기준),2026-09-05,https://law.kofia.or.kr/download.do?gubun=102&seq=3641,data/regulatory/sources/statutes/kofia_annex_15_official.txt,"[4]혼합채권형 : 증권집합투자기구로서 집합투자규약 상 채권형(채권파생형)과 주식형(주식파생형)에 해당되지 아니하고, 자산총액 중 주식 및 주식관련파생상품(파생결합증권)에 투자할 수 있는 최고편입한도가 50%이하인 상품",2026-09-05T21:15:00+09:00,2026-12-04
FSS_PSR_RULE_ART5_2,퇴직연금감독규정시행세칙,제5조의2,적격 집합투자증권 인정기준 (적격 TDF 안전자산 100% 요건),2026-04-01,https://www.law.go.kr/LSW/admRulInfoP.do?admRulSeq=2200000108661,data/regulatory/sources/statutes/퇴직연금감독규정시행세칙_20260905.txt,제5조의2(적격 집합투자증권 인정기준) 규정 제11조제1항제9호의 감독원장이 정한 기준을 충족한 집합투자증권이란 다음 각 호의 사항을 집합투자기구의 집합투자규약(투자설명서를 포함)으로 정하고 있는 집합투자기구의 집합투자증권을 말한다.,2026-09-05T22:15:00+09:00,2026-12-04
FSC_FIBA_REG_ART4_54,금융투자업규정,제4-54조,위험평가액 산정방법 (장내파생상품 명목계약금액 기준 -> 선물형 편입불가),2026-06-02,https://www.law.go.kr/LSW/admRulInfoP.do?admRulSeq=2100000282072,data/regulatory/sources/statutes/금융투자업규정_제4-54조_20260905.txt,"제4-54조(위험평가액 산정방법)
 ① 법 제81조제1항제1호마목에 따른 파생상품의 매매에 따른 위험평가액은 장내파생상품 또는 장외파생상품의 거래에 따른 명목계약금액으로 하며, 그 명목계약금액은 다음 각 호의 방법으로 산정하되 승수효과(레버리지)가 있는 경우 이를 감안하여야 한다.",2026-09-05T22:15:00+09:00,2026-12-04
ED_FSCMA_ART240_4,자본시장과 금융투자업에 관한 법률 시행령,제240조,집합투자기구의 종류별 최소투자비율 등 (부동산/리츠 집합투자기구),2026-06-02,https://www.law.go.kr/LSW/lsInfoP.do?lsiSeq=288399&chrClsCd=010202,data/regulatory/sources/statutes/자본시장법시행령_제240조_20260905.txt,"제240조(집합투자기구의 종류별 최소투자비율 등)
① 법 제229조제1호에서 ""대통령령으로 정하는 비율""이란 100분의 50을 말한다.",2026-09-05T22:15:00+09:00,2026-12-04
ITA_ART20_3,소득세법,제20조의3 제1항 제2호,연금소득 (연금계좌 및 연금저축계좌의 법적 정의),2024-01-01,https://www.law.go.kr/LSW/lsInfoP.do?lsiSeq=280405,data/regulatory/sources/statutes/소득세법_제20조의3_20260907.txt,"2. 다음 각 목에 해당하는 금액을 그 소득의 성격에도 불구하고 연금계좌[“연금저축”의 명칭으로 설정하는 대통령령으로 정하는 계좌(이하 “연금저축계좌”라 한다) 또는 퇴직연금을 지급받기 위하여 설정하는 대통령령으로 정하는 계좌(이하 “퇴직연금계좌”라 한다)를 말한다. 이하 같다]에서 대통령령으로 정하는 연금형태 등으로 인출(이하 “연금수령”이라 하며, 연금수령 외의 인출은 “연금외수령”이라 한다)하는 경우의 그 연금",2026-09-07T00:26:00+09:00,2026-12-06
ED_ITA_ART40_2_1_1_B,소득세법 시행령,제40조의2 제1항 제1호 나목,연금계좌 등 (투자중개업자 집합투자증권 중개계약에 따른 연금저축계좌),2026-07-01,https://www.law.go.kr/LSW/lsInfoP.do?lsiSeq=286211,data/regulatory/sources/statutes/소득세법시행령_제40조의2_20260907.txt,나.「자본시장과 금융투자업에 관한 법률」제12조에 따라 인가를 받은 투자중개업자와 체결하는 집합투자증권 중개계약,2026-09-07T00:26:00+09:00,2026-12-06
KOFIA_PENSION_TERMS_ART8_1_2,연금저축계좌설정약관,제8조 제1항 제2호,집합투자증권의 매매 (상장지수집합투자기구 매입 허용 및 레버리지·인버스 배제),2023-01-01,https://law.kofia.or.kr/service/law/standardTerms.do,data/regulatory/sources/statutes/kofia_pension_terms_20260907.txt,2. 상장지수집합투자기구(상장지수집합투자기구가 목표로 하는 지수의 변화에 1배를 초과하거나 음의 배율로 연동하여 운용하는 것은 제외한다)가 발행하는 집합투자증권,2026-09-07T00:26:00+09:00,2026-12-06
