date,ticker,close
2025-07-31,402970,12035
2025-07-31,441640,11820
2025-07-31,458730,11840
2025-07-31,490600,8625
2025-08-01,402970,11995
2025-08-01,441640,11800
2025-08-01,458730,11805
2025-08-01,490600,8615
2025-08-04,402970,11865
2025-08-04,441640,11640
2025-08-04,458730,11680
2025-08-04,490600,8505
2025-08-05,402970,11975
2025-08-05,441640,11755
2025-08-05,458730,11780
2025-08-05,490600,8560
2025-08-06,402970,12040
2025-08-06,441640,11740
2025-08-06,458730,11855
2025-08-06,490600,8630
2025-08-07,402970,11930
2025-08-07,441640,11760
2025-08-07,458730,11755
2025-08-07,490600,8565
2025-08-08,402970,12020
2025-08-08,441640,11780
2025-08-08,458730,11835
2025-08-08,490600,8615
2025-08-11,402970,12065
2025-08-11,441640,11790
2025-08-11,458730,11880
2025-08-11,490600,8620
2025-08-12,402970,12035
2025-08-12,441640,11790
2025-08-12,458730,11845
2025-08-12,490600,8610
2025-08-13,402970,12060
2025-08-13,441640,11685
2025-08-13,458730,11890
2025-08-13,490600,8660
2025-08-14,402970,12210
2025-08-14,441640,11720
2025-08-14,458730,12045
2025-08-14,490600,8770
2025-08-18,402970,12180
2025-08-18,441640,11725
2025-08-18,458730,12025
2025-08-18,490600,8780
2025-08-19,402970,12185
2025-08-19,441640,11740
2025-08-19,458730,12020
2025-08-19,490600,8805
2025-08-20,402970,12315
2025-08-20,441640,11790
2025-08-20,458730,12170
2025-08-20,490600,8890
2025-08-21,402970,12385
2025-08-21,441640,11825
2025-08-21,458730,12225
2025-08-21,490600,8915
2025-08-22,402970,12365
2025-08-22,441640,11750
2025-08-22,458730,12185
2025-08-22,490600,8895
2025-08-25,402970,12475
2025-08-25,441640,11830
2025-08-25,458730,12315
2025-08-25,490600,9020
2025-08-26,402970,12515
2025-08-26,441640,11855
2025-08-26,458730,12335
2025-08-26,490600,9025
2025-08-27,402970,12495
2025-08-27,441640,11925
2025-08-27,458730,12335
2025-08-27,490600,9030
2025-08-28,402970,12500
2025-08-28,441640,11885
2025-08-28,458730,12290
2025-08-28,490600,8915
2025-08-29,402970,12460
2025-08-29,441640,11890
2025-08-29,458730,12250
2025-08-29,490600,8870
2025-09-01,402970,12500
2025-09-01,441640,11910
2025-09-01,458730,12290
2025-09-01,490600,8890
2025-09-02,402970,12520
2025-09-02,441640,11895
2025-09-02,458730,12315
2025-09-02,490600,8920
2025-09-03,402970,12455
2025-09-03,441640,11870
2025-09-03,458730,12255
2025-09-03,490600,8895
2025-09-04,402970,12410
2025-09-04,441640,11885
2025-09-04,458730,12210
2025-09-04,490600,8860
2025-09-05,402970,12445
2025-09-05,441640,11960
2025-09-05,458730,12235
2025-09-05,490600,8915
2025-09-08,402970,12400
2025-09-08,441640,11890
2025-09-08,458730,12195
2025-09-08,490600,8895
2025-09-09,402970,12315
2025-09-09,441640,11875
2025-09-09,458730,12095
2025-09-09,490600,8845
2025-09-10,402970,12285
2025-09-10,441640,11870
2025-09-10,458730,12080
2025-09-10,490600,8820
2025-09-11,402970,12340
2025-09-11,441640,11905
2025-09-11,458730,12140
2025-09-11,490600,8855
2025-09-12,402970,12365
2025-09-12,441640,11880
2025-09-12,458730,12195
2025-09-12,490600,8930
2025-09-15,402970,12285
2025-09-15,441640,11870
2025-09-15,458730,12120
2025-09-15,490600,8885
2025-09-16,402970,12130
2025-09-16,441640,11825
2025-09-16,458730,11970
2025-09-16,490600,8780
2025-09-17,402970,12145
2025-09-17,441640,11835
2025-09-17,458730,11990
2025-09-17,490600,8775
2025-09-18,402970,12270
2025-09-18,441640,11975
2025-09-18,458730,12090
2025-09-18,490600,8860
2025-09-19,402970,12275
2025-09-19,441640,12020
2025-09-19,458730,12115
2025-09-19,490600,8860
2025-09-22,402970,12210
2025-09-22,441640,12065
2025-09-22,458730,12070
2025-09-22,490600,8830
2025-09-23,402970,12190
2025-09-23,441640,12110
2025-09-23,458730,12025
2025-09-23,490600,8815
2025-09-24,402970,12300
2025-09-24,441640,12135
2025-09-24,458730,12125
2025-09-24,490600,8870
2025-09-25,402970,12320
2025-09-25,441640,12125
2025-09-25,458730,12150
2025-09-25,490600,8905
2025-09-26,402970,12360
2025-09-26,441640,12215
2025-09-26,458730,12190
2025-09-26,490600,8945
2025-09-29,402970,12370
2025-09-29,441640,12190
2025-09-29,458730,12165
2025-09-29,490600,8825
2025-09-30,402970,12320
2025-09-30,441640,12195
2025-09-30,458730,12115
2025-09-30,490600,8765
2025-10-01,402970,12345
2025-10-01,441640,12205
2025-10-01,458730,12145
2025-10-01,490600,8770
2025-10-02,402970,12460
2025-10-02,441640,12265
2025-10-02,458730,12255
2025-10-02,490600,8790
2025-10-10,402970,12405
2025-10-10,441640,12340
2025-10-10,458730,12205
2025-10-10,490600,8785
2025-10-13,402970,12290
2025-10-13,441640,12310
2025-10-13,458730,12090
2025-10-13,490600,8740
2025-10-14,402970,12255
2025-10-14,441640,12210
2025-10-14,458730,12110
2025-10-14,490600,8750
2025-10-15,402970,12335
2025-10-15,441640,12250
2025-10-15,458730,12140
2025-10-15,490600,8785
2025-10-16,402970,12260
2025-10-16,441640,12210
2025-10-16,458730,12085
2025-10-16,490600,8780
2025-10-17,402970,12160
2025-10-17,441640,12080
2025-10-17,458730,11995
2025-10-17,490600,8720
2025-10-20,402970,12285
2025-10-20,441640,12240
2025-10-20,458730,12110
2025-10-20,490600,8770
2025-10-21,402970,12415
2025-10-21,441640,12395
2025-10-21,458730,12240
2025-10-21,490600,8850
2025-10-22,402970,12480
2025-10-22,441640,12460
2025-10-22,458730,12310
2025-10-22,490600,8905
2025-10-23,402970,12535
2025-10-23,441640,12495
2025-10-23,458730,12360
2025-10-23,490600,8960
2025-10-24,402970,12585
2025-10-24,441640,12540
2025-10-24,458730,12410
2025-10-24,490600,8975
2025-10-27,402970,12560
2025-10-27,441640,12680
2025-10-27,458730,12390
2025-10-27,490600,8965
2025-10-28,402970,12575
2025-10-28,441640,12725
2025-10-28,458730,12395
2025-10-28,490600,8990
2025-10-29,402970,12485
2025-10-29,441640,12685
2025-10-29,458730,12295
2025-10-29,490600,8920
2025-10-30,402970,12370
2025-10-30,441640,12595
2025-10-30,458730,12135
2025-10-30,490600,8630
2025-10-31,402970,12250
2025-10-31,441640,12535
2025-10-31,458730,12075
2025-10-31,490600,8550
2025-11-03,402970,12320
2025-11-03,441640,12530
2025-11-03,458730,12130
2025-11-03,490600,8560
2025-11-04,402970,12250
2025-11-04,441640,12465
2025-11-04,458730,12060
2025-11-04,490600,8525
2025-11-05,402970,12395
2025-11-05,441640,12570
2025-11-05,458730,12175
2025-11-05,490600,8610
2025-11-06,402970,12410
2025-11-06,441640,12600
2025-11-06,458730,12225
2025-11-06,490600,8635
2025-11-07,402970,12485
2025-11-07,441640,12650
2025-11-07,458730,12290
2025-11-07,490600,8625
2025-11-10,402970,12535
2025-11-10,441640,12695
2025-11-10,458730,12310
2025-11-10,490600,8670
2025-11-11,402970,12640
2025-11-11,441640,12785
2025-11-11,458730,12435
2025-11-11,490600,8720
2025-11-12,402970,12815
2025-11-12,441640,12945
2025-11-12,458730,12625
2025-11-12,490600,8830
2025-11-13,402970,12875
2025-11-13,441640,12900
2025-11-13,458730,12680
2025-11-13,490600,8910
2025-11-14,402970,12770
2025-11-14,441640,12620
2025-11-14,458730,12600
2025-11-14,490600,8790
2025-11-17,402970,12805
2025-11-17,441640,12665
2025-11-17,458730,12635
2025-11-17,490600,8835
2025-11-18,402970,12710
2025-11-18,441640,12485
2025-11-18,458730,12510
2025-11-18,490600,8745
2025-11-19,402970,12810
2025-11-19,441640,12435
2025-11-19,458730,12650
2025-11-19,490600,8765
2025-11-20,402970,12790
2025-11-20,441640,12605
2025-11-20,458730,12615
2025-11-20,490600,8765
2025-11-21,402970,12685
2025-11-21,441640,12440
2025-11-21,458730,12505
2025-11-21,490600,8780
2025-11-24,402970,12875
2025-11-24,441640,12570
2025-11-24,458730,12690
2025-11-24,490600,8885
2025-11-25,402970,12785
2025-11-25,441640,12600
2025-11-25,458730,12620
2025-11-25,490600,8865
2025-11-26,402970,12900
2025-11-26,441640,12740
2025-11-26,458730,12710
2025-11-26,490600,8925
2025-11-27,402970,12945
2025-11-27,441640,12775
2025-11-27,458730,12735
2025-11-27,490600,8825
2025-11-28,402970,13000
2025-11-28,441640,12880
2025-11-28,458730,12765
2025-11-28,490600,8790
2025-12-01,402970,13025
2025-12-01,441640,12920
2025-12-01,458730,12820
2025-12-01,490600,8805
2025-12-02,402970,13005
2025-12-02,441640,12810
2025-12-02,458730,12775
2025-12-02,490600,8820
2025-12-03,402970,12975
2025-12-03,441640,12820
2025-12-03,458730,12755
2025-12-03,490600,8800
2025-12-04,402970,13165
2025-12-04,441640,12890
2025-12-04,458730,12930
2025-12-04,490600,8900
2025-12-05,402970,13155
2025-12-05,441640,12900
2025-12-05,458730,12925
2025-12-05,490600,8885
2025-12-08,402970,13080
2025-12-08,441640,12905
2025-12-08,458730,12880
2025-12-08,490600,8870
2025-12-09,402970,13075
2025-12-09,441640,12870
2025-12-09,458730,12855
2025-12-09,490600,8840
2025-12-10,402970,13015
2025-12-10,441640,12795
2025-12-10,458730,12790
2025-12-10,490600,8850
2025-12-11,402970,13170
2025-12-11,441640,12800
2025-12-11,458730,12945
2025-12-11,490600,8945
2025-12-12,402970,13215
2025-12-12,441640,12920
2025-12-12,458730,13055
2025-12-12,490600,9020
2025-12-15,402970,13255
2025-12-15,441640,12870
2025-12-15,458730,13070
2025-12-15,490600,9035
2025-12-16,402970,13245
2025-12-16,441640,12870
2025-12-16,458730,13085
2025-12-16,490600,9055
2025-12-17,402970,13185
2025-12-17,441640,12855
2025-12-17,458730,13025
2025-12-17,490600,9010
2025-12-18,402970,13205
2025-12-18,441640,12790
2025-12-18,458730,13020
2025-12-18,490600,9045
2025-12-19,402970,13135
2025-12-19,441640,12805
2025-12-19,458730,13000
2025-12-19,490600,8990
2025-12-22,402970,13185
2025-12-22,441640,12910
2025-12-22,458730,13015
2025-12-22,490600,8990
2025-12-23,402970,13265
2025-12-23,441640,12980
2025-12-23,458730,13115
2025-12-23,490600,9005
2025-12-24,402970,12995
2025-12-24,441640,12760
2025-12-24,458730,12975
2025-12-24,490600,8915
2025-12-26,402970,12945
2025-12-26,441640,12760
2025-12-26,458730,12810
2025-12-26,490600,8885
2025-12-29,402970,12855
2025-12-29,441640,12635
2025-12-29,458730,12670
2025-12-29,490600,8665
2025-12-30,402970,12900
2025-12-30,441640,12655
2025-12-30,458730,12750
2025-12-30,490600,8710
2026-01-02,402970,12900
2026-01-02,441640,12595
2026-01-02,458730,12705
2026-01-02,490600,8665
2026-01-05,402970,13065
2026-01-05,441640,12665
2026-01-05,458730,12855
2026-01-05,490600,8750
2026-01-06,402970,13075
2026-01-06,441640,12755
2026-01-06,458730,12875
2026-01-06,490600,8740
2026-01-07,402970,13170
2026-01-07,441640,12810
2026-01-07,458730,12970
2026-01-07,490600,8780
2026-01-08,402970,13090
2026-01-08,441640,12695
2026-01-08,458730,12925
2026-01-08,490600,8750
2026-01-09,402970,13385
2026-01-09,441640,12885
2026-01-09,458730,13175
2026-01-09,490600,8875
2026-01-12,402970,13520
2026-01-12,441640,12940
2026-01-12,458730,13310
2026-01-12,490600,8960
2026-01-13,402970,13555
2026-01-13,441640,13065
2026-01-13,458730,13350
2026-01-13,490600,9015
2026-01-14,402970,13585
2026-01-14,441640,12920
2026-01-14,458730,13435
2026-01-14,490600,9035
2026-01-15,402970,13760
2026-01-15,441640,12900
2026-01-15,458730,13590
2026-01-15,490600,9140
2026-01-16,402970,13810
2026-01-16,441640,12970
2026-01-16,458730,13670
2026-01-16,490600,9210
2026-01-19,402970,13650
2026-01-19,441640,12920
2026-01-19,458730,13535
2026-01-19,490600,9140
2026-01-20,402970,13655
2026-01-20,441640,12905
2026-01-20,458730,13505
2026-01-20,490600,9130
2026-01-21,402970,13620
2026-01-21,441640,12795
2026-01-21,458730,13445
2026-01-21,490600,9110
2026-01-22,402970,13790
2026-01-22,441640,12865
2026-01-22,458730,13645
2026-01-22,490600,9235
2026-01-23,402970,13795
2026-01-23,441640,12875
2026-01-23,458730,13650
2026-01-23,490600,9240
2026-01-26,402970,13550
2026-01-26,441640,12650
2026-01-26,458730,13385
2026-01-26,490600,9085
2026-01-27,402970,13600
2026-01-27,441640,12745
2026-01-27,458730,13440
2026-01-27,490600,9080
2026-01-28,402970,13460
2026-01-28,441640,12580
2026-01-28,458730,13320
2026-01-28,490600,8940
2026-01-29,402970,13465
2026-01-29,441640,12580
2026-01-29,458730,13270
2026-01-29,490600,8825
2026-01-30,402970,13530
2026-01-30,441640,12660
2026-01-30,458730,13360
2026-01-30,490600,8890
2026-02-02,402970,13915
2026-02-02,441640,12735
2026-02-02,458730,13680
2026-02-02,490600,9060
2026-02-03,402970,13985
2026-02-03,441640,12905
2026-02-03,458730,13775
2026-02-03,490600,9110
2026-02-04,402970,14235
2026-02-04,441640,12975
2026-02-04,458730,14040
2026-02-04,490600,9205
2026-02-05,402970,14660
2026-02-05,441640,13130
2026-02-05,458730,14445
2026-02-05,490600,9430
2026-02-06,402970,14720
2026-02-06,441640,13060
2026-02-06,458730,14490
2026-02-06,490600,9435
2026-02-09,402970,14840
2026-02-09,441640,13240
2026-02-09,458730,14660
2026-02-09,490600,9535
2026-02-10,402970,14765
2026-02-10,441640,13235
2026-02-10,458730,14550
2026-02-10,490600,9475
2026-02-11,402970,14745
2026-02-11,441640,13205
2026-02-11,458730,14545
2026-02-11,490600,9465
2026-02-12,402970,14820
2026-02-12,441640,12995
2026-02-12,458730,14610
2026-02-12,490600,9475
2026-02-13,402970,14580
2026-02-13,441640,12840
2026-02-13,458730,14455
2026-02-13,490600,9420
2026-02-19,402970,14740
2026-02-19,441640,12910
2026-02-19,458730,14555
2026-02-19,490600,9495
2026-02-20,402970,14765
2026-02-20,441640,12895
2026-02-20,458730,14580
2026-02-20,490600,9485
2026-02-23,402970,14645
2026-02-23,441640,12845
2026-02-23,458730,14435
2026-02-23,490600,9375
2026-02-24,402970,14670
2026-02-24,441640,12790
2026-02-24,458730,14465
2026-02-24,490600,9400
2026-02-25,402970,14590
2026-02-25,441640,12730
2026-02-25,458730,14390
2026-02-25,490600,9380
2026-02-26,402970,14480
2026-02-26,441640,12685
2026-02-26,458730,14245
2026-02-26,490600,9155
2026-02-27,402970,14500
2026-02-27,441640,12770
2026-02-27,458730,14285
2026-02-27,490600,9200
2026-03-03,402970,14870
2026-03-03,441640,12915
2026-03-03,458730,14680
2026-03-03,490600,9415
2026-03-04,402970,14935
2026-03-04,441640,12925
2026-03-04,458730,14690
2026-03-04,490600,9420
2026-03-05,402970,14870
2026-03-05,441640,13060
2026-03-05,458730,14620
2026-03-05,490600,9375
2026-03-06,402970,14875
2026-03-06,441640,13055
2026-03-06,458730,14620
2026-03-06,490600,9395
2026-03-09,402970,14790
2026-03-09,441640,12810
2026-03-09,458730,14540
2026-03-09,490600,9310
2026-03-10,402970,14695
2026-03-10,441640,12875
2026-03-10,458730,14465
2026-03-10,490600,9290
2026-03-11,402970,14645
2026-03-11,441640,12950
2026-03-11,458730,14390
2026-03-11,490600,9255
2026-03-12,402970,14650
2026-03-12,441640,12785
2026-03-12,458730,14425
2026-03-12,490600,9295
2026-03-13,402970,14790
2026-03-13,441640,12835
2026-03-13,458730,14600
2026-03-13,490600,9330
2026-03-16,402970,14890
2026-03-16,441640,12860
2026-03-16,458730,14680
2026-03-16,490600,9400
2026-03-17,402970,14760
2026-03-17,441640,12795
2026-03-17,458730,14570
2026-03-17,490600,9400
2026-03-18,402970,14820
2026-03-18,441640,12845
2026-03-18,458730,14590
2026-03-18,490600,9390
2026-03-19,402970,14740
2026-03-19,441640,12740
2026-03-19,458730,14545
2026-03-19,490600,9340
2026-03-20,402970,14755
2026-03-20,441640,12685
2026-03-20,458730,14560
2026-03-20,490600,9385
2026-03-23,402970,14710
2026-03-23,441640,12575
2026-03-23,458730,14510
2026-03-23,490600,9320
2026-03-24,402970,14665
2026-03-24,441640,12610
2026-03-24,458730,14500
2026-03-24,490600,9380
2026-03-25,402970,14835
2026-03-25,441640,12770
2026-03-25,458730,14585
2026-03-25,490600,9440
2026-03-26,402970,14860
2026-03-26,441640,12735
2026-03-26,458730,14600
2026-03-26,490600,9460
2026-03-27,402970,15020
2026-03-27,441640,12760
2026-03-27,458730,14780
2026-03-27,490600,9545
2026-03-30,402970,14960
2026-03-30,441640,12630
2026-03-30,458730,14700
2026-03-30,490600,9410
2026-03-31,402970,15210
2026-03-31,441640,12765
2026-03-31,458730,14910
2026-03-31,490600,9545
2026-04-01,402970,14995
2026-04-01,441640,12800
2026-04-01,458730,14735
2026-04-01,490600,9400
2026-04-02,402970,14880
2026-04-02,441640,12745
2026-04-02,458730,14630
2026-04-02,490600,9345
2026-04-03,402970,14895
2026-04-03,441640,12795
2026-04-03,458730,14620
2026-04-03,490600,9370
2026-04-06,402970,14890
2026-04-06,441640,12840
2026-04-06,458730,14640
2026-04-06,490600,9310
2026-04-07,402970,14935
2026-04-07,441640,12820
2026-04-07,458730,14625
2026-04-07,490600,9355
2026-04-08,402970,14780
2026-04-08,441640,12915
2026-04-08,458730,14500
2026-04-08,490600,9330
2026-04-09,402970,14815
2026-04-09,441640,12920
2026-04-09,458730,14545
2026-04-09,490600,9345
2026-04-10,402970,14825
2026-04-10,441640,12925
2026-04-10,458730,14565
2026-04-10,490600,9355
2026-04-13,402970,14735
2026-04-13,441640,12945
2026-04-13,458730,14480
2026-04-13,490600,9340
2026-04-14,402970,14720
2026-04-14,441640,12835
2026-04-14,458730,14495
2026-04-14,490600,9220
2026-04-15,402970,14630
2026-04-15,441640,12845
2026-04-15,458730,14405
2026-04-15,490600,9140
2026-04-16,402970,14615
2026-04-16,441640,12840
2026-04-16,458730,14385
2026-04-16,490600,9120
2026-04-17,402970,14765
2026-04-17,441640,12920
2026-04-17,458730,14525
2026-04-17,490600,9190
2026-04-20,402970,14755
2026-04-20,441640,12920
2026-04-20,458730,14530
2026-04-20,490600,9190
2026-04-21,402970,14730
2026-04-21,441640,13000
2026-04-21,458730,14510
2026-04-21,490600,9210
2026-04-22,402970,14800
2026-04-22,441640,12965
2026-04-22,458730,14600
2026-04-22,490600,9255
2026-04-23,402970,14855
2026-04-23,441640,12940
2026-04-23,458730,14630
2026-04-23,490600,9255
2026-04-24,402970,14975
2026-04-24,441640,12945
2026-04-24,458730,14775
2026-04-24,490600,9370
2026-04-27,402970,14845
2026-04-27,441640,12885
2026-04-27,458730,14655
2026-04-27,490600,9315
2026-04-28,402970,14840
2026-04-28,441640,12835
2026-04-28,458730,14640
2026-04-28,490600,9300
2026-04-29,402970,14970
2026-04-29,441640,12890
2026-04-29,458730,14720
2026-04-29,490600,9400
2026-04-30,402970,15010
2026-04-30,441640,12830
2026-04-30,458730,14780
2026-04-30,490600,9425
2026-05-04,402970,15055
2026-05-04,441640,12880
2026-05-04,458730,14845
2026-05-04,490600,9410
2026-05-06,402970,14945
2026-05-06,441640,12865
2026-05-06,458730,14685
2026-05-06,490600,9320
2026-05-07,402970,14880
2026-05-07,441640,12850
2026-05-07,458730,14620
2026-05-07,490600,9295
2026-05-08,402970,14975
2026-05-08,441640,12940
2026-05-08,458730,14695
2026-05-08,490600,9355
2026-05-11,402970,15000
2026-05-11,441640,12930
2026-05-11,458730,14745
2026-05-11,490600,9365
2026-05-12,402970,15175
2026-05-12,441640,13015
2026-05-12,458730,14905
2026-05-12,490600,9445
2026-05-13,402970,15245
2026-05-13,441640,13160
2026-05-13,458730,14985
2026-05-13,490600,9495
2026-05-14,402970,15260
2026-05-14,441640,13060
2026-05-14,458730,15015
2026-05-14,490600,9335
2026-05-15,402970,15360
2026-05-15,441640,13135
2026-05-15,458730,15125
2026-05-15,490600,9395
2026-05-18,402970,15250
2026-05-18,441640,13040
2026-05-18,458730,15030
2026-05-18,490600,9335
2026-05-19,402970,15540
2026-05-19,441640,13185
2026-05-19,458730,15315
2026-05-19,490600,9465
2026-05-20,402970,15615
2026-05-20,441640,13180
2026-05-20,458730,15385
2026-05-20,490600,9530
2026-05-21,402970,15565
2026-05-21,441640,13245
2026-05-21,458730,15330
2026-05-21,490600,9535
2026-05-22,402970,15795
2026-05-22,441640,13425
2026-05-22,458730,15570
2026-05-22,490600,9615
2026-05-26,402970,16000
2026-05-26,441640,13450
2026-05-26,458730,15775
2026-05-26,490600,9765
2026-05-27,402970,15840
2026-05-27,441640,13365
2026-05-27,458730,15600
2026-05-27,490600,9655
2026-05-28,402970,15820
2026-05-28,441640,13370
2026-05-28,458730,15535
2026-05-28,490600,9650
2026-05-29,402970,15830
2026-05-29,441640,13395
2026-05-29,458730,15540
2026-05-29,490600,9660
2026-06-01,402970,15735
2026-06-01,441640,13470
2026-06-01,458730,15450
2026-06-01,490600,9570
2026-06-02,402970,15690
2026-06-02,441640,13500
2026-06-02,458730,15405
2026-06-02,490600,9545
2026-06-04,402970,15965
2026-06-04,441640,13585
2026-06-04,458730,15650
2026-06-04,490600,9730
2026-06-05,402970,16195
2026-06-05,441640,13835
2026-06-05,458730,15880
2026-06-05,490600,9865
2026-06-08,402970,15950
2026-06-08,441640,13600
2026-06-08,458730,15670
2026-06-08,490600,9760
2026-06-09,402970,15805
2026-06-09,441640,13430
2026-06-09,458730,15510
2026-06-09,490600,9655
2026-06-10,402970,15880
2026-06-10,441640,13450
2026-06-10,458730,15585
2026-06-10,490600,9760
2026-06-11,402970,15880
2026-06-11,441640,13415
2026-06-11,458730,15615
2026-06-11,490600,9780
2026-06-12,402970,15900
2026-06-12,441640,13395
2026-06-12,458730,15670
2026-06-12,490600,9670
2026-06-15,402970,16045
2026-06-15,441640,13545
2026-06-15,458730,15775
2026-06-15,490600,9715
2026-06-16,402970,15890
2026-06-16,441640,13535
2026-06-16,458730,15640
2026-06-16,490600,9650
2026-06-17,402970,15845
2026-06-17,441640,13520
2026-06-17,458730,15570
2026-06-17,490600,9610
2026-06-18,402970,15780
2026-06-18,441640,13545
2026-06-18,458730,15505
2026-06-18,490600,9560
2026-06-19,402970,15635
2026-06-19,441640,13455
2026-06-19,458730,15405
2026-06-19,490600,9575
2026-06-22,402970,15755
2026-06-22,441640,13485
2026-06-22,458730,15505
2026-06-22,490600,9615
2026-06-23,402970,15740
2026-06-23,441640,13415
2026-06-23,458730,15485
2026-06-23,490600,9635
2026-06-24,402970,15830
2026-06-24,441640,13535
2026-06-24,458730,15555
2026-06-24,490600,9640
2026-06-25,402970,15890
2026-06-25,441640,13585
2026-06-25,458730,15630
2026-06-25,490600,9705
2026-06-26,402970,15900
2026-06-26,441640,13380
2026-06-26,458730,15655
2026-06-26,490600,9690
2026-06-29,402970,16095
2026-06-29,441640,13520
2026-06-29,458730,15750
2026-06-29,490600,9800
2026-06-30,402970,16010
2026-06-30,441640,13600
2026-06-30,458730,15735
2026-06-30,490600,9765
2026-07-01,402970,15980
2026-07-01,441640,13665
2026-07-01,458730,15670
2026-07-01,490600,9740
2026-07-02,402970,16005
2026-07-02,441640,13700
2026-07-02,458730,15725
2026-07-02,490600,9785
2026-07-03,402970,16020
2026-07-03,441640,13750
2026-07-03,458730,15735
2026-07-03,490600,9840
2026-07-06,402970,16070
2026-07-06,441640,13735
2026-07-06,458730,15740
2026-07-06,490600,9850
2026-07-07,402970,16000
2026-07-07,441640,13675
2026-07-07,458730,15710
2026-07-07,490600,9705
2026-07-08,402970,15800
2026-07-08,441640,13400
2026-07-08,458730,15530
2026-07-08,490600,9675
2026-07-09,402970,15765
2026-07-09,441640,13425
2026-07-09,458730,15480
2026-07-09,490600,9615
2026-07-10,402970,15705
2026-07-10,441640,13410
2026-07-10,458730,15425
2026-07-10,490600,9600
2026-07-13,402970,15785
2026-07-13,441640,13480
2026-07-13,458730,15495
2026-07-13,490600,9640
2026-07-14,402970,15680
2026-07-14,441640,13325
2026-07-14,458730,15440
2026-07-14,490600,9500
2026-07-15,402970,15445
2026-07-15,441640,13220
2026-07-15,458730,15210
2026-07-15,490600,9370
2026-07-16,402970,15460
2026-07-16,441640,13200
2026-07-16,458730,15220
2026-07-16,490600,9340
2026-07-20,402970,15695
2026-07-20,441640,13070
2026-07-20,458730,15440
2026-07-20,490600,9500
2026-07-21,402970,15595
2026-07-21,441640,13060
2026-07-21,458730,15360
2026-07-21,490600,9395
2026-07-22,402970,15670
2026-07-22,441640,13120
2026-07-22,458730,15440
2026-07-22,490600,9445
2026-07-23,402970,15560
2026-07-23,441640,13070
2026-07-23,458730,15330
2026-07-23,490600,9400
2026-07-24,402970,15515
2026-07-24,441640,12950
2026-07-24,458730,15300
2026-07-24,490600,9370
2026-07-27,402970,15730
2026-07-27,441640,13075
2026-07-27,458730,15510
2026-07-27,490600,9465
2026-07-28,402970,15800
2026-07-28,441640,12945
2026-07-28,458730,15560
2026-07-28,490600,9490
2026-07-29,402970,15875
2026-07-29,441640,12930
2026-07-29,458730,15620
2026-07-29,490600,9565
2026-07-30,402970,15670
2026-07-30,441640,12690
2026-07-30,458730,15395
2026-07-30,490600,9480
2026-07-31,402970,15410
2026-07-31,441640,12825
2026-07-31,458730,15165
2026-07-31,490600,9385
