ticker,master_isin,ledger_isin,listing_date,listing_date_status,result
0000D0,KR70000D0009,KR70000D0009,2024-12-17,verified_official,synced
0000H0,KR70000H0005,KR70000H0005,2025-04-08,verified_official,synced
0000J0,KR70000J0003,KR70000J0003,2024-12-24,verified_official,synced
0000Y0,KR70000Y0004,KR70000Y0004,2024-12-24,verified_official,synced
0000Z0,KR70000Z0003,KR70000Z0003,2024-12-24,verified_official,synced
0001P0,KR70001P0004,KR70001P0004,2024-12-24,verified_official,synced
0002C0,KR70002C0008,KR70002C0008,2025-02-25,verified_official,synced
0004G0,KR70004G0002,KR70004G0002,2025-01-21,verified_official,synced
0005A0,KR70005A0007,KR70005A0007,2025-01-07,verified_official,synced
0005C0,KR70005C0005,KR70005C0005,2025-01-14,verified_official,synced
0005D0,KR70005D0004,KR70005D0004,2025-01-07,verified_official,synced
0005G0,KR70005G0001,KR70005G0001,2025-01-21,verified_official,synced
0007F0,KR70007F0000,KR70007F0000,2025-01-14,verified_official,synced
0007G0,KR70007G0009,KR70007G0009,2025-01-14,verified_official,synced
0007N0,KR70007N0000,KR70007N0000,2025-02-11,verified_official,synced
0008E0,KR70008E0000,KR70008E0000,2025-01-21,verified_official,synced
0008S0,KR70008S0004,KR70008S0004,2025-01-21,verified_official,synced
0008T0,KR70008T0003,KR70008T0003,2025-01-21,verified_official,synced
0013P0,KR70013P0000,KR70013P0000,2025-02-18,verified_official,synced
0013R0,KR70013R0008,KR70013R0008,2025-02-18,verified_official,synced
0015B0,KR70015B0004,KR70015B0004,2025-02-25,verified_official,synced
0015E0,KR70015E0001,KR70015E0001,2025-02-11,verified_official,synced
0015F0,KR70015F0000,KR70015F0000,2025-02-11,verified_official,synced
0015K0,KR70015K0003,KR70015K0003,2025-02-18,verified_official,synced
0016X0,KR70016X0007,KR70016X0007,2025-02-18,verified_official,synced
0017Y0,KR70017Y0005,KR70017Y0005,2025-02-25,verified_official,synced
0018C0,KR70018C0000,KR70018C0000,2025-03-05,verified_official,synced
0018Z0,KR70018Z0003,KR70018Z0003,2025-03-11,verified_official,synced
0019K0,KR70019K0009,KR70019K0009,2025-03-25,verified_official,synced
0020H0,KR70020H0001,KR70020H0001,2025-03-11,verified_official,synced
0022T0,KR70022T0005,KR70022T0005,2025-03-11,verified_official,synced
0023A0,KR70023A0005,KR70023A0005,2025-03-11,verified_official,synced
0023B0,KR70023B0004,KR70023B0004,2025-03-11,verified_official,synced
0025N0,KR70025N0008,KR70025N0008,2025-03-25,verified_official,synced
0026E0,KR70026E0008,KR70026E0008,2025-03-25,verified_official,synced
0026S0,KR70026S0002,KR70026S0002,2025-03-18,verified_official,synced
0028X0,KR70028X0003,KR70028X0003,2025-05-27,verified_official,synced
0035T0,KR70035T0000,KR70035T0000,2025-04-15,verified_official,synced
0036R0,KR70036R0001,KR70036R0001,2025-04-15,verified_official,synced
0036Z0,KR70036Z0001,KR70036Z0001,2025-04-22,verified_official,synced
0038A0,KR70038A0008,KR70038A0008,2025-04-15,verified_official,synced
0040S0,KR70040S0004,KR70040S0004,2025-04-22,verified_official,synced
0040X0,KR70040X0007,KR70040X0007,2025-04-22,verified_official,synced
0040Y0,KR70040Y0006,KR70040Y0006,2025-04-22,verified_official,synced
0041D0,KR70041D0000,KR70041D0000,2025-04-22,verified_official,synced
0041E0,KR70041E0009,KR70041E0009,2025-04-22,verified_official,synced
0043B0,KR70043B0000,KR70043B0000,2025-04-22,verified_official,synced
0043Y0,KR70043Y0003,KR70043Y0003,2025-05-13,verified_official,synced
0046A0,KR70046A0008,KR70046A0008,2025-04-29,verified_official,synced
0046Y0,KR70046Y0000,KR70046Y0000,2025-05-13,verified_official,synced
0047A0,KR70047A0007,KR70047A0007,2025-05-13,verified_official,synced
0047N0,KR70047N0002,KR70047N0002,2025-05-13,verified_official,synced
0047P0,KR70047P0000,KR70047P0000,2025-05-13,verified_official,synced
0047R0,KR70047R0008,KR70047R0008,2025-05-13,verified_official,synced
0048J0,KR70048J0007,KR70048J0007,2025-05-13,verified_official,synced
0048K0,KR70048K0004,KR70048K0004,2025-05-13,verified_official,synced
0049K0,KR70049K0003,KR70049K0003,2025-05-13,verified_official,synced
0049M0,KR70049M0001,KR70049M0001,2025-05-13,verified_official,synced
0050E0,KR70050E0007,KR70050E0007,2025-05-20,verified_official,synced
0051A0,KR70051A0000,KR70051A0000,2025-05-20,verified_official,synced
0051G0,KR70051G0004,KR70051G0004,2025-05-20,verified_official,synced
0052D0,KR70052D0006,KR70052D0006,2025-05-20,verified_official,synced
0052S0,KR70052S0009,KR70052S0009,2025-06-10,verified_official,synced
0052T0,KR70052T0008,KR70052T0008,2025-05-27,verified_official,synced
0053L0,KR70053L0005,KR70053L0005,2025-05-27,verified_official,synced
0053M0,KR70053M0004,KR70053M0004,2025-07-22,verified_official,synced
0057H0,KR70057H0007,KR70057H0007,2025-06-10,verified_official,synced
0060H0,KR70060H0002,KR70060H0002,2025-06-24,verified_official,synced
0061Z0,KR70061Z0009,KR70061Z0009,2025-06-24,verified_official,synced
0064K0,KR70064K0003,KR70064K0003,2025-06-17,verified_official,synced
0065G0,KR70065G0008,KR70065G0008,2025-06-17,verified_official,synced
0066W0,KR70066W0007,KR70066W0007,2025-06-17,verified_official,synced
0067V0,KR70067V0007,KR70067V0007,2025-06-17,verified_official,synced
0067Y0,KR70067Y0004,KR70067Y0004,2025-06-17,verified_official,synced
0068M0,KR70068M0007,KR70068M0007,2025-06-24,verified_official,synced
0069M0,KR70069M0006,KR70069M0006,2025-06-24,verified_official,synced
0072R0,KR70072R0006,KR70072R0006,2025-06-24,verified_official,synced
0073X0,KR70073X0007,KR70073X0007,2025-07-01,verified_official,synced
0074K0,KR70074K0001,KR70074K0001,2025-07-08,verified_official,synced
0078V0,KR70078V0004,KR70078V0004,2025-07-22,verified_official,synced
0079X0,KR70079X0001,KR70079X0001,2025-07-15,verified_official,synced
0080G0,KR70080G0009,KR70080G0009,2025-07-15,verified_official,synced
0080X0,KR70080X0008,KR70080X0008,2025-07-15,verified_official,synced
0080Y0,KR70080Y0007,KR70080Y0007,2025-07-15,verified_official,synced
0082F0,KR70082F0008,KR70082F0008,2025-07-29,verified_official,synced
0082V0,KR70082V0008,KR70082V0008,2025-07-22,verified_official,synced
0083S0,KR70083S0002,KR70083S0002,2025-07-22,verified_official,synced
0084D0,KR70084D0008,KR70084D0008,2025-07-22,verified_official,synced
0084E0,KR70084E0007,KR70084E0007,2025-10-21,verified_official,synced
0085N0,KR70085N0005,KR70085N0005,2025-07-22,verified_official,synced
0085P0,KR70085P0003,KR70085P0003,2025-07-22,verified_official,synced
0086B0,KR70086B0008,KR70086B0008,2025-07-29,verified_official,synced
0086C0,KR70086C0007,KR70086C0007,2025-07-29,verified_official,synced
0087F0,KR70087F0003,KR70087F0003,2025-07-29,verified_official,synced
0088N0,KR70088N0002,KR70088N0002,2025-08-12,verified_official,synced
0089B0,KR70089B0005,KR70089B0005,2025-08-19,verified_official,synced
0089C0,KR70089C0004,KR70089C0004,2025-08-12,verified_official,synced
0089D0,KR70089D0003,KR70089D0003,2025-08-12,verified_official,synced
0090B0,KR70090B0002,KR70090B0002,2025-08-26,verified_official,synced
0091C0,KR70091C0000,KR70091C0000,2025-08-19,verified_official,synced
0091M0,KR70091M0008,KR70091M0008,2025-08-26,verified_official,synced
0091P0,KR70091P0005,KR70091P0005,2025-08-19,verified_official,synced
0092B0,KR70092B0000,KR70092B0000,2025-08-19,verified_official,synced
0092C0,KR70092C0009,KR70092C0009,2025-08-19,verified_official,synced
0093A0,KR70093A0000,KR70093A0000,2025-08-26,verified_official,synced
0093B0,KR70093B0009,KR70093B0009,2025-08-26,verified_official,synced
0093D0,KR70093D0007,KR70093D0007,2025-08-26,verified_official,synced
0094K0,KR70094K0007,KR70094K0007,2025-08-26,verified_official,synced
0094L0,KR70094L0006,KR70094L0006,2025-09-02,verified_official,synced
0094M0,KR70094M0005,KR70094M0005,2025-09-02,verified_official,synced
0094X0,KR70094X0002,KR70094X0002,2025-09-02,verified_official,synced
0097L0,KR70097L0003,KR70097L0003,2025-09-02,verified_official,synced
0098F0,KR70098F0000,KR70098F0000,2025-09-16,verified_official,synced
0098N0,KR70098N0000,KR70098N0000,2025-09-16,verified_official,synced
0098Z0,KR70098Z0006,KR70098Z0006,2025-09-23,verified_official,synced
0099L0,KR70099L0001,KR70099L0001,2025-09-09,verified_official,synced
0100K0,KR70100K0009,KR70100K0009,2025-09-16,verified_official,synced
0101N0,KR70101N0005,KR70101N0005,2025-09-23,verified_official,synced
0102A0,KR70102A0009,KR70102A0009,2025-09-09,verified_official,synced
0102X0,KR70102X0002,KR70102X0002,2025-09-23,verified_official,synced
0103T0,KR70103T0007,KR70103T0007,2025-09-30,verified_official,synced
0104G0,KR70104G0001,KR70104G0001,2025-09-30,verified_official,synced
0104H0,KR70104H0000,KR70104H0000,2025-09-30,verified_official,synced
0104N0,KR70104N0002,KR70104N0002,2025-09-23,verified_official,synced
0104P0,KR70104P0000,KR70104P0000,2025-09-23,verified_official,synced
0105D0,KR70105D0003,KR70105D0003,2025-09-23,verified_official,synced
0105E0,KR70105E0002,KR70105E0002,2025-09-23,verified_official,synced
0107F0,KR70107F0009,KR70107F0009,2025-09-23,verified_official,synced
0111J0,KR70111J0009,KR70111J0009,2025-10-28,verified_official,synced
0111P0,KR70111P0001,KR70111P0001,2025-09-30,verified_official,synced
0112X0,KR70112X0000,KR70112X0000,2025-10-28,verified_official,synced
0113D0,KR70113D0003,KR70113D0003,2025-10-28,verified_official,synced
0113G0,KR70113G0000,KR70113G0000,2025-11-11,verified_official,synced
0113P0,KR70113P0009,KR70113P0009,2025-09-30,verified_official,synced
0114X0,KR70114X0008,KR70114X0008,2025-10-21,verified_official,synced
0115C0,KR70115C0002,KR70115C0002,2025-10-21,verified_official,synced
0115D0,KR70115D0001,KR70115D0001,2025-10-28,verified_official,synced
0115E0,KR70115E0000,KR70115E0000,2025-10-21,verified_official,synced
0117L0,KR70117L0009,KR70117L0009,2025-10-28,verified_official,synced
0117V0,KR70117V0007,KR70117V0007,2025-10-21,verified_official,synced
0118S0,KR70118S0001,KR70118S0001,2025-10-28,verified_official,synced
0118Z0,KR70118Z0002,KR70118Z0002,2025-10-28,verified_official,synced
0119H0,KR70119H0003,KR70119H0003,2025-11-04,verified_official,synced
0120J0,KR70120J0008,KR70120J0008,2025-12-02,verified_official,synced
0122W0,KR70122W0009,KR70122W0009,2025-11-18,verified_official,synced
0123G0,KR70123G0008,KR70123G0008,2025-11-04,verified_official,synced
0123S0,KR70123S0004,KR70123S0004,2025-12-16,verified_official,synced
0127M0,KR70127M0006,KR70127M0006,2025-11-11,verified_official,synced
0127P0,KR70127P0003,KR70127P0003,2025-11-11,verified_official,synced
0127R0,KR70127R0001,KR70127R0001,2025-11-25,verified_official,synced
0127T0,KR70127T0009,KR70127T0009,2025-11-11,verified_official,synced
0127V0,KR70127V0005,KR70127V0005,2025-11-11,verified_official,synced
0128D0,KR70128D0006,KR70128D0006,2025-11-18,verified_official,synced
0131A0,KR70131A0004,KR70131A0004,2025-11-25,verified_official,synced
0131V0,KR70131V0009,KR70131V0009,2025-11-25,verified_official,synced
0131W0,KR70131W0008,KR70131W0008,2025-11-25,verified_official,synced
0132D0,KR70132D0000,KR70132D0000,2025-11-25,verified_official,synced
0132H0,KR70132H0006,KR70132H0006,2025-11-25,verified_official,synced
0132K0,KR70132K0001,KR70132K0001,2025-12-09,verified_official,synced
0133E0,KR70133E0008,KR70133E0008,2026-02-03,verified_official,synced
0135Y0,KR70135Y0002,KR70135Y0002,2025-12-16,verified_official,synced
0137V0,KR70137V0003,KR70137V0003,2025-12-09,verified_official,synced
0137W0,KR70137W0002,KR70137W0002,2025-12-09,verified_official,synced
0138D0,KR70138D0004,KR70138D0004,2025-12-16,verified_official,synced
0138T0,KR70138T0006,KR70138T0006,2025-12-23,verified_official,synced
0138Y0,KR70138Y0009,KR70138Y0009,2025-12-16,verified_official,synced
0139F0,KR70139F0001,KR70139F0001,2025-12-09,verified_official,synced
0139P0,KR70139P0009,KR70139P0009,2025-12-16,verified_official,synced
0141S0,KR70141S0002,KR70141S0002,2025-12-16,verified_official,synced
0141T0,KR70141T0001,KR70141T0001,2025-12-16,verified_official,synced
0142D0,KR70142D0008,KR70142D0008,2025-12-09,verified_official,synced
0144L0,KR70144L0006,KR70144L0006,2025-12-23,verified_official,synced
0144M0,KR70144M0005,KR70144M0005,2025-12-23,verified_official,synced
0148J0,KR70148J0006,KR70148J0006,2026-01-06,verified_official,synced
0150K0,KR70150K0008,KR70150K0008,2026-01-13,verified_official,synced
0151P0,KR70151P0002,KR70151P0002,2026-01-20,verified_official,synced
0151S0,KR70151S0009,KR70151S0009,2026-01-13,verified_official,synced
0152E0,KR70152E0004,KR70152E0004,2026-01-13,verified_official,synced
0153K0,KR70153K0005,KR70153K0005,2026-01-20,verified_official,synced
0153P0,KR70153P0000,KR70153P0000,2026-01-20,verified_official,synced
0153X0,KR70153X0000,KR70153X0000,2026-01-27,verified_official,synced
0154F0,KR70154F0001,KR70154F0001,2026-01-20,verified_official,synced
0154H0,KR70154H0009,KR70154H0009,2026-01-27,verified_official,synced
0155M0,KR70155M0001,KR70155M0001,2026-02-03,verified_official,synced
0155N0,KR70155N0000,KR70155N0000,2026-02-26,verified_official,synced
0162L0,KR70162L0003,KR70162L0003,2026-02-26,verified_official,synced
0162M0,KR70162M0002,KR70162M0002,2026-02-26,verified_official,synced
0162Y0,KR70162Y0008,KR70162Y0008,2026-03-10,verified_official,synced
0162Z0,KR70162Z0007,KR70162Z0007,2026-02-26,verified_official,synced
0163Y0,KR70163Y0007,KR70163Y0007,2026-03-10,verified_official,synced
0164G0,KR70164G0008,KR70164G0008,2026-03-10,verified_official,synced
0166N0,KR70166N0007,KR70166N0007,2026-03-17,verified_official,synced
0166S0,KR70166S0002,KR70166S0002,2026-03-24,verified_official,synced
0166T0,KR70166T0001,KR70166T0001,2026-03-31,verified_official,synced
0167A0,KR70167A0001,KR70167A0001,2026-03-17,verified_official,synced
0167B0,KR70167B0000,KR70167B0000,2026-03-17,verified_official,synced
0167Z0,KR70167Z0002,KR70167Z0002,2026-03-17,verified_official,synced
0168K0,KR70168K0008,KR70168K0008,2026-03-17,verified_official,synced
0172V0,KR70172V0009,KR70172V0009,2026-03-31,verified_official,synced
0172Y0,KR70172Y0006,KR70172Y0006,2026-03-31,verified_official,synced
0173Y0,KR70173Y0005,KR70173Y0005,2026-03-31,verified_official,synced
0174B0,KR70174B0001,KR70174B0001,2026-04-14,verified_official,synced
0174J0,KR70174J0003,KR70174J0003,2026-03-31,verified_official,synced
0174R0,KR70174R0003,KR70174R0003,2026-03-31,verified_official,synced
0176E0,KR70176E0006,KR70176E0006,2026-04-07,verified_official,synced
0176P0,KR70176P0003,KR70176P0003,2026-04-07,verified_official,synced
0177A0,KR70177A0009,KR70177A0009,2026-03-31,verified_official,synced
0177N0,KR70177N0004,KR70177N0004,2026-04-07,verified_official,synced
0177R0,KR70177R0000,KR70177R0000,2026-04-21,verified_official,synced
0177X0,KR70177X0002,KR70177X0002,2026-04-07,verified_official,synced
0178H0,KR70178H0001,KR70178H0001,2026-04-28,verified_official,synced
0180V0,KR70180V0009,KR70180V0009,2026-04-14,verified_official,synced
0181B0,KR70181B0002,KR70181B0002,2026-05-12,verified_official,synced
0181L0,KR70181L0000,KR70181L0000,2026-04-21,verified_official,synced
0182R0,KR70182R0003,KR70182R0003,2026-04-14,verified_official,synced
0182S0,KR70182S0002,KR70182S0002,2026-04-14,verified_official,synced
0183J0,KR70183J0002,KR70183J0002,2026-04-14,verified_official,synced
0183V0,KR70183V0006,KR70183V0006,2026-04-21,verified_official,synced
0184E0,KR70184E0006,KR70184E0006,2026-04-21,verified_official,synced
0184L0,KR70184L0007,KR70184L0007,2026-05-12,verified_official,synced
0184N0,KR70184N0005,KR70184N0005,2026-05-12,verified_official,synced
0184V0,KR70184V0005,KR70184V0005,2026-05-12,verified_official,synced
0185L0,KR70185L0006,KR70185L0006,2026-05-19,verified_official,synced
0186L0,KR70186L0005,KR70186L0005,2026-04-28,verified_official,synced
0186S0,KR70186S0008,KR70186S0008,2026-04-28,verified_official,synced
0189B0,KR70189B0004,KR70189B0004,2026-04-28,verified_official,synced
0189Z0,KR70189Z0006,KR70189Z0006,2026-06-09,verified_official,synced
0190C0,KR70190C0000,KR70190C0000,2026-05-12,verified_official,synced
0190G0,KR70190G0006,KR70190G0006,2026-05-12,verified_official,synced
0190M0,KR70190M0008,KR70190M0008,2026-05-12,verified_official,synced
0190Y0,KR70190Y0004,KR70190Y0004,2026-05-12,verified_official,synced
0191B0,KR70191B0000,KR70191B0000,2026-05-19,verified_official,synced
0191M0,KR70191M0007,KR70191M0007,2026-06-02,verified_official,synced
0191S0,KR70191S0001,KR70191S0001,2026-05-19,verified_official,synced
0191W0,KR70191W0005,KR70191W0005,2026-05-19,verified_official,synced
0192L0,KR70192L0007,KR70192L0007,2026-05-27,verified_official,synced
0192M0,KR70192M0006,KR70192M0006,2026-05-27,verified_official,synced
0192S0,KR70192S0000,KR70192S0000,2026-05-19,verified_official,synced
0192T0,KR70192T0009,KR70192T0009,2026-05-19,verified_official,synced
0192Z0,KR70192Z0001,KR70192Z0001,2026-05-19,verified_official,synced
0193G0,KR70193G0003,KR70193G0003,2026-05-19,verified_official,synced
0193K0,KR70193K0007,KR70193K0007,2026-05-27,verified_official,synced
0193L0,KR70193L0006,KR70193L0006,2026-05-27,verified_official,synced
0193M0,KR70193M0005,KR70193M0005,2026-06-16,verified_official,synced
0193T0,KR70193T0008,KR70193T0008,2026-05-27,verified_official,synced
0193W0,KR70193W0003,KR70193W0003,2026-05-27,verified_official,synced
0194M0,KR70194M0004,KR70194M0004,2026-05-27,verified_official,synced
0194N0,KR70194N0003,KR70194N0003,2026-05-27,verified_official,synced
0194R0,KR70194R0009,KR70194R0009,2026-05-27,verified_official,synced
0194T0,KR70194T0007,KR70194T0007,2026-05-27,verified_official,synced
0195R0,KR70195R0008,KR70195R0008,2026-05-27,verified_official,synced
0195S0,KR70195S0007,KR70195S0007,2026-05-27,verified_official,synced
0197W0,KR70197W0009,KR70197W0009,2026-05-27,verified_official,synced
0197X0,KR70197X0008,KR70197X0008,2026-05-27,verified_official,synced
0198A0,KR70198A0004,KR70198A0004,2026-06-30,verified_official,synced
0198B0,KR70198B0003,KR70198B0003,2026-05-27,verified_official,synced
0198D0,KR70198D0001,KR70198D0001,2026-05-27,verified_official,synced
0199C0,KR70199C0001,KR70199C0001,2026-06-02,verified_official,synced
0203D0,KR70203D0004,KR70203D0004,2026-06-02,verified_official,synced
0203R0,KR70203R0008,KR70203R0008,2026-06-02,verified_official,synced
0203S0,KR70203S0007,KR70203S0007,2026-06-02,verified_official,synced
0204D0,KR70204D0003,KR70204D0003,2026-06-09,verified_official,synced
0204S0,KR70204S0006,KR70204S0006,2026-06-02,verified_official,synced
0206G0,KR70206G0008,KR70206G0008,2026-06-09,verified_official,synced
0207G0,KR70207G0007,KR70207G0007,2026-06-16,verified_official,synced
0207Z0,KR70207Z0004,KR70207Z0004,2026-06-16,verified_official,synced
0208N0,KR70208N0007,KR70208N0007,2026-06-23,verified_official,synced
0209D0,KR70209D0008,KR70209D0008,2026-06-23,verified_official,synced
0209Z0,KR70209Z0002,KR70209Z0002,2026-06-23,verified_official,synced
0210A0,KR70210A0008,KR70210A0008,2026-06-23,verified_official,synced
0210E0,KR70210E0004,KR70210E0004,2026-06-23,verified_official,synced
0214M0,KR70214M0000,KR70214M0000,2026-07-28,verified_official,synced
0215T0,KR70215T0002,KR70215T0002,2026-07-14,verified_official,synced
0216K0,KR70216K0000,KR70216K0000,2026-07-07,verified_official,synced
0216Z0,KR70216Z0003,KR70216Z0003,2026-07-07,verified_official,synced
0218J0,KR70218J0001,KR70218J0001,2026-07-14,verified_official,synced
0218K0,KR70218K0008,KR70218K0008,2026-07-21,verified_official,synced
0219B0,KR70219B0008,KR70219B0008,2026-07-14,verified_official,synced
0219E0,KR70219E0005,KR70219E0005,2026-07-14,verified_official,synced
0219Z0,KR70219Z0000,KR70219Z0000,2026-08-04,verified_official,synced
0220A0,KR70220A0006,KR70220A0006,2026-07-14,verified_official,synced
0220B0,KR70220B0005,KR70220B0005,2026-07-14,verified_official,synced
0221V0,KR70221V0000,KR70221V0000,2026-07-21,verified_official,synced
0221Z0,KR70221Z0006,KR70221Z0006,2026-07-21,verified_official,synced
0222D0,KR70222D0001,KR70222D0001,2026-07-28,verified_official,synced
0222F0,KR70222F0009,KR70222F0009,2026-08-04,verified_official,synced
0223A0,KR70223A0003,KR70223A0003,2026-07-28,verified_official,synced
0223R0,KR70223R0004,KR70223R0004,2026-07-21,verified_official,synced
0224D0,KR70224D0009,KR70224D0009,2026-07-28,verified_official,synced
0224X0,KR70224X0005,KR70224X0005,2026-07-28,verified_official,synced
0225V0,KR70225V0006,KR70225V0006,2026-08-04,verified_official,synced
0226A0,KR70226A0000,KR70226A0000,2026-08-04,verified_official,synced
0226D0,KR70226D0007,KR70226D0007,2026-08-11,verified_official,synced
0226G0,KR70226G0004,KR70226G0004,2026-08-04,verified_official,synced
0227K0,KR70227K0007,KR70227K0007,2026-08-11,verified_official,synced
0228G0,KR70228G0002,KR70228G0002,2026-08-11,verified_official,synced
0229F0,KR70229F0002,KR70229F0002,2026-09-01,verified_official,synced
0231Z0,KR70231Z0004,KR70231Z0004,2026-08-25,verified_official,synced
0232A0,KR70232A0002,KR70232A0002,2026-09-01,verified_official,synced
0233A0,KR70233A0001,KR70233A0001,2026-08-25,verified_official,synced
0233J0,KR70233J0002,KR70233J0002,2026-08-25,verified_official,synced
0233N0,KR70233N0006,KR70233N0006,2026-09-01,verified_official,synced
0234N0,KR70234N0005,KR70234N0005,2026-09-01,verified_official,synced
069500,KR7069500007,KR7069500007,2002-10-14,verified_official,synced
069660,KR7069660009,KR7069660009,2002-10-14,verified_official,synced
091160,KR7091160002,KR7091160002,2006-06-27,verified_official,synced
091170,KR7091170001,KR7091170001,2006-06-27,verified_official,synced
091180,KR7091180000,KR7091180000,2006-06-27,verified_official,synced
091220,KR7091220004,KR7091220004,2006-06-27,verified_official,synced
091230,KR7091230003,KR7091230003,2006-06-27,verified_official,synced
099140,KR7099140006,KR7099140006,2007-10-10,verified_official,synced
100910,KR7100910009,KR7100910009,2008-01-23,verified_official,synced
101280,KR7101280006,KR7101280006,2008-02-20,verified_official,synced
102110,KR7102110004,KR7102110004,2008-04-03,verified_official,synced
102780,KR7102780004,KR7102780004,2008-05-21,verified_official,synced
102960,KR7102960002,KR7102960002,2008-05-29,verified_official,synced
102970,KR7102970001,KR7102970001,2008-05-29,verified_official,synced
104520,KR7104520002,KR7104520002,2008-07-29,verified_official,synced
104530,KR7104530001,KR7104530001,2008-07-29,verified_official,synced
105010,KR7105010003,KR7105010003,2008-08-27,verified_official,synced
105190,KR7105190003,KR7105190003,2008-09-25,verified_official,synced
105780,KR7105780001,KR7105780001,2008-10-22,verified_official,synced
108450,KR7108450008,KR7108450008,2009-02-03,verified_official,synced
108590,KR7108590001,KR7108590001,2009-01-23,verified_official,synced
114100,KR7114100001,KR7114100001,2009-07-29,verified_official,synced
114260,KR7114260003,KR7114260003,2009-07-29,verified_official,synced
114460,KR7114460009,KR7114460009,2009-07-31,verified_official,synced
114470,KR7114470008,KR7114470008,2009-07-31,verified_official,synced
114800,KR7114800006,KR7114800006,2009-09-16,verified_official,synced
114820,KR7114820004,KR7114820004,2009-08-27,verified_official,synced
117460,KR7117460006,KR7117460006,2009-10-12,verified_official,synced
117680,KR7117680009,KR7117680009,2009-10-30,verified_official,synced
117690,KR7117690008,KR7117690008,2009-10-21,verified_official,synced
117700,KR7117700005,KR7117700005,2009-10-30,verified_official,synced
122090,KR7122090004,KR7122090004,2010-01-07,verified_official,synced
122260,KR7122260003,KR7122260003,2010-01-14,verified_official,synced
122630,KR7122630007,KR7122630007,2010-02-22,verified_official,synced
123310,KR7123310005,KR7123310005,2010-03-29,verified_official,synced
123320,KR7123320004,KR7123320004,2010-04-09,verified_official,synced
130680,KR7130680002,KR7130680002,2010-08-02,verified_official,synced
130730,KR7130730005,KR7130730005,2010-07-29,verified_official,synced
131890,KR7131890006,KR7131890006,2010-09-17,verified_official,synced
132030,KR7132030008,KR7132030008,2010-10-01,verified_official,synced
133690,KR7133690008,KR7133690008,2010-10-18,verified_official,synced
136340,KR7136340007,KR7136340007,2011-04-15,verified_official,synced
137610,KR7137610002,KR7137610002,2011-01-11,verified_official,synced
138230,KR7138230008,KR7138230008,2011-02-24,verified_official,synced
138520,KR7138520002,KR7138520002,2011-03-07,verified_official,synced
138530,KR7138530001,KR7138530001,2011-03-10,verified_official,synced
138540,KR7138540000,KR7138540000,2011-03-10,verified_official,synced
138910,KR7138910005,KR7138910005,2011-03-15,verified_official,synced
138920,KR7138920004,KR7138920004,2011-03-15,verified_official,synced
139220,KR7139220008,KR7139220008,2011-04-06,verified_official,synced
139230,KR7139230007,KR7139230007,2011-04-06,verified_official,synced
139240,KR7139240006,KR7139240006,2011-04-06,verified_official,synced
139250,KR7139250005,KR7139250005,2011-04-06,verified_official,synced
139260,KR7139260004,KR7139260004,2011-04-06,verified_official,synced
139270,KR7139270003,KR7139270003,2011-04-06,verified_official,synced
139280,KR7139280002,KR7139280002,2011-04-06,verified_official,synced
139290,KR7139290001,KR7139290001,2011-04-06,verified_official,synced
139320,KR7139320006,KR7139320006,2011-04-08,verified_official,synced
139660,KR7139660005,KR7139660005,2011-04-01,verified_official,synced
140570,KR7140570003,KR7140570003,2011-04-15,verified_official,synced
140580,KR7140580002,KR7140580002,2011-04-15,verified_official,synced
140700,KR7140700006,KR7140700006,2011-04-26,verified_official,synced
140710,KR7140710005,KR7140710005,2011-04-26,verified_official,synced
140950,KR7140950007,KR7140950007,2011-05-03,verified_official,synced
143850,KR7143850006,KR7143850006,2011-07-18,verified_official,synced
143860,KR7143860005,KR7143860005,2011-07-18,verified_official,synced
144600,KR7144600004,KR7144600004,2011-07-18,verified_official,synced
145670,KR7145670006,KR7145670006,2011-09-08,verified_official,synced
145850,KR7145850004,KR7145850004,2011-09-23,verified_official,synced
147970,KR7147970008,KR7147970008,2011-10-26,verified_official,synced
148020,KR7148020001,KR7148020001,2011-10-20,verified_official,synced
148070,KR7148070006,KR7148070006,2011-10-20,verified_official,synced
150460,KR7150460004,KR7150460004,2011-12-16,verified_official,synced
152100,KR7152100004,KR7152100004,2012-01-10,verified_official,synced
152380,KR7152380002,KR7152380002,2012-01-20,verified_official,synced
152500,KR7152500005,KR7152500005,2012-01-27,verified_official,synced
152870,KR7152870002,KR7152870002,2012-02-13,verified_official,synced
153130,KR7153130000,KR7153130000,2012-02-22,verified_official,synced
153270,KR7153270004,KR7153270004,2012-02-28,verified_official,synced
156080,KR7156080004,KR7156080004,2012-04-30,verified_official,synced
157450,KR7157450008,KR7157450008,2012-05-16,verified_official,synced
157490,KR7157490004,KR7157490004,2012-05-16,verified_official,synced
157500,KR7157500000,KR7157500000,2012-05-16,verified_official,synced
159800,KR7159800002,KR7159800002,2012-07-05,verified_official,synced
160580,KR7160580007,KR7160580007,2012-12-17,verified_official,synced
161510,KR7161510003,KR7161510003,2012-08-29,verified_official,synced
166400,KR7166400002,KR7166400002,2012-10-25,verified_official,synced
167860,KR7167860006,KR7167860006,2012-10-30,verified_official,synced
168580,KR7168580009,KR7168580009,2012-11-29,verified_official,synced
169950,KR7169950003,KR7169950003,2013-01-21,verified_official,synced
174350,KR7174350009,KR7174350009,2013-06-20,verified_official,synced
174360,KR7174360008,KR7174360008,2013-06-04,verified_official,synced
176950,KR7176950004,KR7176950004,2013-05-31,verified_official,synced
181480,KR7181480005,KR7181480005,2013-08-01,verified_official,synced
182480,KR7182480004,KR7182480004,2013-10-10,verified_official,synced
182490,KR7182490003,KR7182490003,2014-03-24,verified_official,synced
183700,KR7183700004,KR7183700004,2013-10-17,verified_official,synced
183710,KR7183710003,KR7183710003,2013-10-17,verified_official,synced
185680,KR7185680006,KR7185680006,2013-10-31,verified_official,synced
189400,KR7189400005,KR7189400005,2013-12-10,verified_official,synced
190620,KR7190620005,KR7190620005,2013-12-23,verified_official,synced
192090,KR7192090009,KR7192090009,2014-02-17,verified_official,synced
192720,KR7192720001,KR7192720001,2014-02-20,verified_official,synced
195920,KR7195920004,KR7195920004,2014-04-30,verified_official,synced
195930,KR7195930003,KR7195930003,2014-04-30,verified_official,synced
195970,KR7195970009,KR7195970009,2014-05-13,verified_official,synced
195980,KR7195980008,KR7195980008,2014-05-13,verified_official,synced
196030,KR7196030001,KR7196030001,2014-06-16,verified_official,synced
196230,KR7196230007,KR7196230007,2014-05-19,verified_official,synced
200030,KR7200030005,KR7200030005,2014-06-12,verified_official,synced
200250,KR7200250009,KR7200250009,2014-06-26,verified_official,synced
203780,KR7203780002,KR7203780002,2014-08-27,verified_official,synced
204450,KR7204450001,KR7204450001,2014-09-12,verified_official,synced
204480,KR7204480008,KR7204480008,2014-09-01,verified_official,synced
205720,KR7205720006,KR7205720006,2014-09-29,verified_official,synced
210780,KR7210780003,KR7210780003,2014-12-05,verified_official,synced
211560,KR7211560008,KR7211560008,2014-12-17,verified_official,synced
211900,KR7211900006,KR7211900006,2014-12-17,verified_official,synced
213610,KR7213610009,KR7213610009,2015-01-08,verified_official,synced
213630,KR7213630007,KR7213630007,2015-01-26,verified_official,synced
214980,KR7214980005,KR7214980005,2015-03-03,verified_official,synced
215620,KR7215620006,KR7215620006,2015-03-25,verified_official,synced
217770,KR7217770007,KR7217770007,2015-04-29,verified_official,synced
217780,KR7217780006,KR7217780006,2015-06-10,verified_official,synced
218420,KR7218420008,KR7218420008,2015-04-28,verified_official,synced
219390,KR7219390002,KR7219390002,2015-06-02,verified_official,synced
219480,KR7219480001,KR7219480001,2015-05-29,verified_official,synced
219900,KR7219900008,KR7219900008,2015-05-28,verified_official,synced
220130,KR7220130009,KR7220130009,2015-06-08,verified_official,synced
223190,KR7223190000,KR7223190000,2015-06-26,verified_official,synced
225030,KR7225030006,KR7225030006,2015-07-29,verified_official,synced
225040,KR7225040005,KR7225040005,2015-07-29,verified_official,synced
225050,KR7225050004,KR7225050004,2015-07-29,verified_official,synced
225060,KR7225060003,KR7225060003,2015-07-29,verified_official,synced
225130,KR7225130004,KR7225130004,2015-07-28,verified_official,synced
225800,KR7225800002,KR7225800002,2015-08-10,verified_official,synced
226380,KR7226380004,KR7226380004,2015-08-19,verified_official,synced
226490,KR7226490001,KR7226490001,2015-08-24,verified_official,synced
226980,KR7226980001,KR7226980001,2015-09-01,verified_official,synced
227540,KR7227540002,KR7227540002,2015-09-23,verified_official,synced
227550,KR7227550001,KR7227550001,2015-09-23,verified_official,synced
227560,KR7227560000,KR7227560000,2015-09-23,verified_official,synced
227570,KR7227570009,KR7227570009,2015-09-23,verified_official,synced
227830,KR7227830007,KR7227830007,2015-09-23,verified_official,synced
228790,KR7228790002,KR7228790002,2015-10-07,verified_official,synced
228800,KR7228800009,KR7228800009,2015-10-07,verified_official,synced
228810,KR7228810008,KR7228810008,2015-10-07,verified_official,synced
228820,KR7228820007,KR7228820007,2015-10-14,verified_official,synced
229200,KR7229200001,KR7229200001,2015-10-01,verified_official,synced
229720,KR7229720008,KR7229720008,2015-10-14,verified_official,synced
230480,KR7230480006,KR7230480006,2015-11-16,verified_official,synced
232080,KR7232080002,KR7232080002,2015-11-12,verified_official,synced
233160,KR7233160001,KR7233160001,2015-12-17,verified_official,synced
233740,KR7233740000,KR7233740000,2015-12-17,verified_official,synced
234310,KR7234310001,KR7234310001,2016-02-02,verified_official,synced
236350,KR7236350005,KR7236350005,2016-05-13,verified_official,synced
237350,KR7237350004,KR7237350004,2016-01-27,verified_official,synced
237370,KR7237370002,KR7237370002,2016-01-27,verified_official,synced
237440,KR7237440003,KR7237440003,2016-01-27,verified_official,synced
238670,KR7238670004,KR7238670004,2016-02-24,verified_official,synced
238720,KR7238720007,KR7238720007,2016-03-03,verified_official,synced
239660,KR7239660004,KR7239660004,2016-03-22,verified_official,synced
241180,KR7241180009,KR7241180009,2016-03-31,verified_official,synced
241390,KR7241390004,KR7241390004,2016-04-12,verified_official,synced
243880,KR7243880002,KR7243880002,2016-05-13,verified_official,synced
243890,KR7243890001,KR7243890001,2016-05-13,verified_official,synced
244580,KR7244580007,KR7244580007,2016-05-13,verified_official,synced
244620,KR7244620001,KR7244620001,2016-05-13,verified_official,synced
244660,KR7244660007,KR7244660007,2016-05-13,verified_official,synced
244670,KR7244670006,KR7244670006,2016-05-13,verified_official,synced
245340,KR7245340005,KR7245340005,2016-07-01,verified_official,synced
245350,KR7245350004,KR7245350004,2016-07-01,verified_official,synced
245360,KR7245360003,KR7245360003,2016-06-16,verified_official,synced
245710,KR7245710009,KR7245710009,2016-07-01,verified_official,synced
248270,KR7248270001,KR7248270001,2016-07-01,verified_official,synced
250730,KR7250730009,KR7250730009,2016-08-10,verified_official,synced
250780,KR7250780004,KR7250780004,2016-08-10,verified_official,synced
251340,KR7251340006,KR7251340006,2016-08-10,verified_official,synced
251350,KR7251350005,KR7251350005,2016-08-17,verified_official,synced
251590,KR7251590006,KR7251590006,2016-08-11,verified_official,synced
251600,KR7251600003,KR7251600003,2016-08-11,verified_official,synced
252000,KR7252000005,KR7252000005,2016-09-20,verified_official,synced
252400,KR7252400007,KR7252400007,2016-09-12,verified_official,synced
252410,KR7252410006,KR7252410006,2016-09-12,verified_official,synced
252420,KR7252420005,KR7252420005,2016-09-22,verified_official,synced
252650,KR7252650007,KR7252650007,2016-09-20,verified_official,synced
252670,KR7252670005,KR7252670005,2016-09-22,verified_official,synced
252710,KR7252710009,KR7252710009,2016-09-22,verified_official,synced
253150,KR7253150007,KR7253150007,2016-09-29,verified_official,synced
253160,KR7253160006,KR7253160006,2016-09-22,verified_official,synced
253230,KR7253230007,KR7253230007,2016-09-22,verified_official,synced
253240,KR7253240006,KR7253240006,2016-09-12,verified_official,synced
253250,KR7253250005,KR7253250005,2016-09-12,verified_official,synced
253280,KR7253280002,KR7253280002,2016-09-23,verified_official,synced
253290,KR7253290001,KR7253290001,2016-09-23,verified_official,synced
256440,KR7256440009,KR7256440009,2016-11-01,verified_official,synced
256450,KR7256450008,KR7256450008,2016-11-08,verified_official,synced
256750,KR7256750001,KR7256750001,2016-11-08,verified_official,synced
261060,KR7261060008,KR7261060008,2016-12-15,verified_official,synced
261070,KR7261070007,KR7261070007,2016-12-15,verified_official,synced
261110,KR7261110001,KR7261110001,2016-12-27,verified_official,synced
261120,KR7261120000,KR7261120000,2016-12-27,verified_official,synced
261140,KR7261140008,KR7261140008,2017-01-06,verified_official,synced
261220,KR7261220008,KR7261220008,2016-12-27,verified_official,synced
261240,KR7261240006,KR7261240006,2016-12-27,verified_official,synced
261250,KR7261250005,KR7261250005,2016-12-27,verified_official,synced
261260,KR7261260004,KR7261260004,2016-12-27,verified_official,synced
261270,KR7261270003,KR7261270003,2016-12-27,verified_official,synced
261920,KR7261920003,KR7261920003,2016-12-28,verified_official,synced
265690,KR7265690008,KR7265690008,2017-03-21,verified_official,synced
266160,KR7266160001,KR7266160001,2017-04-14,verified_official,synced
266360,KR7266360007,KR7266360007,2017-03-28,verified_official,synced
266370,KR7266370006,KR7266370006,2017-03-28,verified_official,synced
266390,KR7266390004,KR7266390004,2017-03-28,verified_official,synced
266410,KR7266410000,KR7266410000,2017-03-28,verified_official,synced
266420,KR7266420009,KR7266420009,2017-03-28,verified_official,synced
266550,KR7266550003,KR7266550003,2017-03-28,verified_official,synced
267440,KR7267440006,KR7267440006,2017-04-20,verified_official,synced
267450,KR7267450005,KR7267450005,2017-04-20,verified_official,synced
267490,KR7267490001,KR7267490001,2017-04-20,verified_official,synced
267770,KR7267770006,KR7267770006,2017-04-25,verified_official,synced
269370,KR7269370003,KR7269370003,2017-05-16,verified_official,synced
269420,KR7269420006,KR7269420006,2017-05-16,verified_official,synced
269530,KR7269530002,KR7269530002,2017-05-16,verified_official,synced
269540,KR7269540001,KR7269540001,2017-05-16,verified_official,synced
270800,KR7270800006,KR7270800006,2017-07-07,verified_official,synced
270810,KR7270810005,KR7270810005,2017-06-16,verified_official,synced
271050,KR7271050007,KR7271050007,2017-06-13,verified_official,synced
271060,KR7271060006,KR7271060006,2017-06-13,verified_official,synced
272560,KR7272560004,KR7272560004,2017-06-29,verified_official,synced
272570,KR7272570003,KR7272570003,2017-06-29,verified_official,synced
272580,KR7272580002,KR7272580002,2017-06-29,verified_official,synced
272910,KR7272910001,KR7272910001,2017-06-29,verified_official,synced
273130,KR7273130005,KR7273130005,2017-06-29,verified_official,synced
273140,KR7273140004,KR7273140004,2017-06-29,verified_official,synced
275280,KR7275280006,KR7275280006,2017-07-11,verified_official,synced
275290,KR7275290005,KR7275290005,2017-07-11,verified_official,synced
275300,KR7275300002,KR7275300002,2017-07-11,verified_official,synced
275750,KR7275750008,KR7275750008,2017-08-01,verified_official,synced
275980,KR7275980001,KR7275980001,2017-08-01,verified_official,synced
276000,KR7276000007,KR7276000007,2017-08-01,verified_official,synced
276650,KR7276650009,KR7276650009,2017-08-17,verified_official,synced
276970,KR7276970001,KR7276970001,2017-08-10,verified_official,synced
276990,KR7276990009,KR7276990009,2017-08-17,verified_official,synced
277540,KR7277540001,KR7277540001,2017-08-23,verified_official,synced
277630,KR7277630000,KR7277630000,2017-08-31,verified_official,synced
277640,KR7277640009,KR7277640009,2017-08-31,verified_official,synced
277650,KR7277650008,KR7277650008,2017-08-31,verified_official,synced
278240,KR7278240007,KR7278240007,2017-08-31,verified_official,synced
278530,KR7278530001,KR7278530001,2017-11-21,verified_official,synced
278540,KR7278540000,KR7278540000,2017-11-09,verified_official,synced
278620,KR7278620000,KR7278620000,2017-09-26,verified_official,synced
279530,KR7279530000,KR7279530000,2017-10-17,verified_official,synced
279540,KR7279540009,KR7279540009,2017-10-17,verified_official,synced
280320,KR7280320003,KR7280320003,2017-10-17,verified_official,synced
280920,KR7280920000,KR7280920000,2017-10-17,verified_official,synced
280930,KR7280930009,KR7280930009,2017-11-09,verified_official,synced
280940,KR7280940008,KR7280940008,2017-11-09,verified_official,synced
281990,KR7281990002,KR7281990002,2017-11-02,verified_official,synced
282000,KR7282000009,KR7282000009,2017-11-09,verified_official,synced
283580,KR7283580009,KR7283580009,2017-12-13,verified_official,synced
284430,KR7284430006,KR7284430006,2017-11-30,verified_official,synced
284980,KR7284980000,KR7284980000,2017-12-08,verified_official,synced
285690,KR7285690004,KR7285690004,2017-12-13,verified_official,synced
287180,KR7287180004,KR7287180004,2017-12-13,verified_official,synced
289040,KR7289040008,KR7289040008,2018-02-07,verified_official,synced
289250,KR7289250003,KR7289250003,2018-02-07,verified_official,synced
289260,KR7289260002,KR7289260002,2018-02-07,verified_official,synced
289480,KR7289480006,KR7289480006,2018-02-09,verified_official,synced
289670,KR7289670002,KR7289670002,2018-02-07,verified_official,synced
290080,KR7290080001,KR7290080001,2018-02-27,verified_official,synced
290130,KR7290130004,KR7290130004,2018-02-27,verified_official,synced
291130,KR7291130003,KR7291130003,2018-03-09,verified_official,synced
291620,KR7291620003,KR7291620003,2018-03-16,verified_official,synced
291630,KR7291630002,KR7291630002,2018-03-16,verified_official,synced
291680,KR7291680007,KR7291680007,2018-03-23,verified_official,synced
291890,KR7291890002,KR7291890002,2018-03-23,verified_official,synced
292050,KR7292050002,KR7292050002,2018-03-26,verified_official,synced
292150,KR7292150000,KR7292150000,2018-03-30,verified_official,synced
292160,KR7292160009,KR7292160009,2018-03-26,verified_official,synced
292190,KR7292190006,KR7292190006,2018-03-26,verified_official,synced
292500,KR7292500006,KR7292500006,2018-03-26,verified_official,synced
292560,KR7292560000,KR7292560000,2018-04-17,verified_official,synced
292770,KR7292770005,KR7292770005,2018-04-13,verified_official,synced
293180,KR7293180006,KR7293180006,2018-03-30,verified_official,synced
294400,KR7294400007,KR7294400007,2018-04-23,verified_official,synced
295000,KR7295000004,KR7295000004,2018-05-11,verified_official,synced
295020,KR7295020002,KR7295020002,2018-05-11,verified_official,synced
295040,KR7295040000,KR7295040000,2018-04-23,verified_official,synced
298340,KR7298340001,KR7298340001,2018-06-08,verified_official,synced
298770,KR7298770009,KR7298770009,2018-06-11,verified_official,synced
300610,KR7300610003,KR7300610003,2018-07-24,verified_official,synced
300640,KR7300640000,KR7300640000,2018-07-24,verified_official,synced
300950,KR7300950003,KR7300950003,2018-07-24,verified_official,synced
301400,KR7301400008,KR7301400008,2018-07-05,verified_official,synced
302190,KR7302190004,KR7302190004,2018-07-20,verified_official,synced
302450,KR7302450002,KR7302450002,2018-07-24,verified_official,synced
304660,KR7304660004,KR7304660004,2018-09-12,verified_official,synced
304670,KR7304670003,KR7304670003,2018-09-12,verified_official,synced
304760,KR7304760002,KR7304760002,2018-08-14,verified_official,synced
304770,KR7304770001,KR7304770001,2018-08-14,verified_official,synced
304780,KR7304780000,KR7304780000,2018-08-14,verified_official,synced
304940,KR7304940000,KR7304940000,2018-08-30,verified_official,synced
305050,KR7305050007,KR7305050007,2018-10-05,verified_official,synced
305080,KR7305080004,KR7305080004,2018-08-30,verified_official,synced
305540,KR7305540007,KR7305540007,2018-09-12,verified_official,synced
305720,KR7305720005,KR7305720005,2018-09-12,verified_official,synced
306520,KR7306520008,KR7306520008,2018-09-18,verified_official,synced
306530,KR7306530007,KR7306530007,2018-09-18,verified_official,synced
306950,KR7306950007,KR7306950007,2018-10-16,verified_official,synced
307510,KR7307510008,KR7307510008,2018-11-08,verified_official,synced
307520,KR7307520007,KR7307520007,2018-11-08,verified_official,synced
308620,KR7308620004,KR7308620004,2018-10-19,verified_official,synced
309230,KR7309230001,KR7309230001,2018-10-25,verified_official,synced
310080,KR7310080007,KR7310080007,2018-11-28,verified_official,synced
310960,KR7310960000,KR7310960000,2018-11-20,verified_official,synced
310970,KR7310970009,KR7310970009,2018-11-20,verified_official,synced
314250,KR7314250002,KR7314250002,2019-01-10,verified_official,synced
314700,KR7314700006,KR7314700006,2018-12-21,verified_official,synced
315270,KR7315270009,KR7315270009,2019-01-15,verified_official,synced
315930,KR7315930008,KR7315930008,2019-01-22,verified_official,synced
315960,KR7315960005,KR7315960005,2019-01-22,verified_official,synced
316300,KR7316300003,KR7316300003,2019-01-29,verified_official,synced
316670,KR7316670009,KR7316670009,2019-01-22,verified_official,synced
319640,KR7319640009,KR7319640009,2019-04-09,verified_official,synced
321410,KR7321410003,KR7321410003,2019-06-05,verified_official,synced
322400,KR7322400003,KR7322400003,2019-04-23,verified_official,synced
322410,KR7322410002,KR7322410002,2019-04-23,verified_official,synced
325010,KR7325010007,KR7325010007,2019-05-31,verified_official,synced
325020,KR7325020006,KR7325020006,2019-05-31,verified_official,synced
326230,KR7326230000,KR7326230000,2019-06-20,verified_official,synced
326240,KR7326240009,KR7326240009,2019-06-20,verified_official,synced
328370,KR7328370002,KR7328370002,2019-06-25,verified_official,synced
329200,KR7329200000,KR7329200000,2019-07-19,verified_official,synced
329650,KR7329650006,KR7329650006,2019-07-04,verified_official,synced
329660,KR7329660005,KR7329660005,2019-07-04,verified_official,synced
329670,KR7329670004,KR7329670004,2019-07-04,verified_official,synced
329750,KR7329750004,KR7329750004,2019-07-24,verified_official,synced
332500,KR7332500008,KR7332500008,2019-08-28,verified_official,synced
332610,KR7332610005,KR7332610005,2019-08-20,verified_official,synced
332620,KR7332620004,KR7332620004,2019-08-20,verified_official,synced
332930,KR7332930007,KR7332930007,2019-08-28,verified_official,synced
332940,KR7332940006,KR7332940006,2019-08-28,verified_official,synced
334690,KR7334690005,KR7334690005,2019-09-24,verified_official,synced
334700,KR7334700002,KR7334700002,2019-09-24,verified_official,synced
336160,KR7336160007,KR7336160007,2019-10-29,verified_official,synced
337120,KR7337120000,KR7337120000,2019-11-14,verified_official,synced
337140,KR7337140008,KR7337140008,2019-11-14,verified_official,synced
337150,KR7337150007,KR7337150007,2019-11-14,verified_official,synced
337160,KR7337160006,KR7337160006,2019-11-14,verified_official,synced
341850,KR7341850006,KR7341850006,2020-05-22,verified_official,synced
352540,KR7352540009,KR7352540009,2020-05-13,verified_official,synced
352560,KR7352560007,KR7352560007,2020-05-13,verified_official,synced
354240,KR7354240004,KR7354240004,2020-05-19,verified_official,synced
354350,KR7354350001,KR7354350001,2020-05-12,verified_official,synced
354500,KR7354500001,KR7354500001,2020-05-07,verified_official,synced
356540,KR7356540005,KR7356540005,2020-07-21,verified_official,synced
357870,KR7357870005,KR7357870005,2020-07-07,verified_official,synced
359210,KR7359210002,KR7359210002,2020-07-21,verified_official,synced
360140,KR7360140008,KR7360140008,2020-08-21,verified_official,synced
360150,KR7360150007,KR7360150007,2020-08-21,verified_official,synced
360200,KR7360200000,KR7360200000,2020-08-07,verified_official,synced
360750,KR7360750004,KR7360750004,2020-08-07,verified_official,synced
361580,KR7361580004,KR7361580004,2020-08-21,verified_official,synced
363510,KR7363510009,KR7363510009,2020-09-09,verified_official,synced
363570,KR7363570003,KR7363570003,2020-09-25,verified_official,synced
363580,KR7363580002,KR7363580002,2020-09-25,verified_official,synced
364690,KR7364690008,KR7364690008,2020-09-29,verified_official,synced
364960,KR7364960005,KR7364960005,2020-10-07,verified_official,synced
364970,KR7364970004,KR7364970004,2020-10-07,verified_official,synced
364980,KR7364980003,KR7364980003,2020-10-07,verified_official,synced
364990,KR7364990002,KR7364990002,2020-10-07,verified_official,synced
365000,KR7365000009,KR7365000009,2020-10-07,verified_official,synced
365040,KR7365040005,KR7365040005,2020-09-29,verified_official,synced
365780,KR7365780006,KR7365780006,2020-10-15,verified_official,synced
367380,KR7367380003,KR7367380003,2020-10-29,verified_official,synced
367740,KR7367740008,KR7367740008,2020-10-29,verified_official,synced
367760,KR7367760006,KR7367760006,2020-10-29,verified_official,synced
367770,KR7367770005,KR7367770005,2020-10-29,verified_official,synced
368190,KR7368190005,KR7368190005,2020-11-10,verified_official,synced
368590,KR7368590006,KR7368590006,2020-11-06,verified_official,synced
368680,KR7368680005,KR7368680005,2020-11-10,verified_official,synced
371150,KR7371150004,KR7371150004,2020-12-16,verified_official,synced
371160,KR7371160003,KR7371160003,2020-12-16,verified_official,synced
371450,KR7371450008,KR7371450008,2020-12-08,verified_official,synced
371460,KR7371460007,KR7371460007,2020-12-08,verified_official,synced
371470,KR7371470006,KR7371470006,2020-12-08,verified_official,synced
371870,KR7371870007,KR7371870007,2020-12-16,verified_official,synced
372330,KR7372330001,KR7372330001,2020-12-16,verified_official,synced
373490,KR7373490002,KR7373490002,2020-12-24,verified_official,synced
373790,KR7373790005,KR7373790005,2020-12-24,verified_official,synced
375270,KR7375270006,KR7375270006,2021-01-14,verified_official,synced
375760,KR7375760006,KR7375760006,2021-02-05,verified_official,synced
375770,KR7375770005,KR7375770005,2021-02-05,verified_official,synced
376410,KR7376410007,KR7376410007,2021-02-05,verified_official,synced
377990,KR7377990007,KR7377990007,2021-03-05,verified_official,synced
379780,KR7379780000,KR7379780000,2021-04-09,verified_official,synced
379790,KR7379790009,KR7379790009,2021-04-09,verified_official,synced
379800,KR7379800006,KR7379800006,2021-04-09,verified_official,synced
379810,KR7379810005,KR7379810005,2021-04-09,verified_official,synced
380340,KR7380340000,KR7380340000,2021-04-02,verified_official,synced
381170,KR7381170000,KR7381170000,2021-04-09,verified_official,synced
381180,KR7381180009,KR7381180009,2021-04-09,verified_official,synced
381560,KR7381560002,KR7381560002,2021-04-02,verified_official,synced
381570,KR7381570001,KR7381570001,2021-04-02,verified_official,synced
385510,KR7385510003,KR7385510003,2021-05-25,verified_official,synced
385520,KR7385520002,KR7385520002,2021-05-25,verified_official,synced
385540,KR7385540000,KR7385540000,2021-05-26,verified_official,synced
385550,KR7385550009,KR7385550009,2021-05-26,verified_official,synced
385560,KR7385560008,KR7385560008,2021-05-26,verified_official,synced
385590,KR7385590005,KR7385590005,2021-05-25,verified_official,synced
385600,KR7385600002,KR7385600002,2021-05-25,verified_official,synced
385710,KR7385710009,KR7385710009,2021-05-25,verified_official,synced
385720,KR7385720008,KR7385720008,2021-05-25,verified_official,synced
387270,KR7387270002,KR7387270002,2021-05-25,verified_official,synced
387280,KR7387280001,KR7387280001,2021-05-25,verified_official,synced
388280,KR7388280000,KR7388280000,2021-06-10,verified_official,synced
388420,KR7388420002,KR7388420002,2021-06-10,verified_official,synced
390390,KR7390390003,KR7390390003,2021-06-30,verified_official,synced
390400,KR7390400000,KR7390400000,2021-06-30,verified_official,synced
391600,KR7391600004,KR7391600004,2021-08-05,verified_official,synced
391670,KR7391670007,KR7391670007,2021-07-06,verified_official,synced
394660,KR7394660005,KR7394660005,2021-07-20,verified_official,synced
394670,KR7394670004,KR7394670004,2021-07-20,verified_official,synced
395150,KR7395150006,KR7395150006,2021-07-30,verified_official,synced
395160,KR7395160005,KR7395160005,2021-07-30,verified_official,synced
395170,KR7395170004,KR7395170004,2021-07-30,verified_official,synced
395270,KR7395270002,KR7395270002,2021-07-30,verified_official,synced
395280,KR7395280001,KR7395280001,2021-07-30,verified_official,synced
395290,KR7395290000,KR7395290000,2021-07-30,verified_official,synced
395750,KR7395750003,KR7395750003,2021-07-30,verified_official,synced
395760,KR7395760002,KR7395760002,2021-07-30,verified_official,synced
396500,KR7396500001,KR7396500001,2021-08-10,verified_official,synced
396510,KR7396510000,KR7396510000,2021-08-10,verified_official,synced
396520,KR7396520009,KR7396520009,2021-08-10,verified_official,synced
399110,KR7399110006,KR7399110006,2021-09-14,verified_official,synced
399580,KR7399580000,KR7399580000,2021-10-21,verified_official,synced
400570,KR7400570008,KR7400570008,2021-09-30,verified_official,synced
400580,KR7400580007,KR7400580007,2021-09-30,verified_official,synced
400590,KR7400590006,KR7400590006,2021-09-30,verified_official,synced
400970,KR7400970000,KR7400970000,2021-10-13,verified_official,synced
401170,KR7401170006,KR7401170006,2021-10-13,verified_official,synced
401470,KR7401470000,KR7401470000,2021-10-13,verified_official,synced
401590,KR7401590005,KR7401590005,2021-09-30,verified_official,synced
402460,KR7402460000,KR7402460000,2021-10-13,verified_official,synced
402970,KR7402970008,KR7402970008,2021-10-21,verified_official,synced
403790,KR7403790009,KR7403790009,2021-10-13,verified_official,synced
404120,KR7404120008,KR7404120008,2021-10-29,verified_official,synced
404260,KR7404260002,KR7404260002,2021-10-29,verified_official,synced
404540,KR7404540007,KR7404540007,2021-10-29,verified_official,synced
404650,KR7404650004,KR7404650004,2021-10-29,verified_official,synced
407300,KR7407300003,KR7407300003,2021-11-24,verified_official,synced
407310,KR7407310002,KR7407310002,2021-11-24,verified_official,synced
407820,KR7407820000,KR7407820000,2021-11-16,verified_official,synced
407830,KR7407830009,KR7407830009,2021-11-16,verified_official,synced
409810,KR7409810009,KR7409810009,2021-12-09,verified_official,synced
409820,KR7409820008,KR7409820008,2021-12-09,verified_official,synced
410870,KR7410870000,KR7410870000,2021-12-15,verified_official,synced
411060,KR7411060007,KR7411060007,2021-12-15,verified_official,synced
411420,KR7411420003,KR7411420003,2021-12-22,verified_official,synced
411540,KR7411540008,KR7411540008,2021-12-09,verified_official,synced
411860,KR7411860000,KR7411860000,2021-12-22,verified_official,synced
412560,KR7412560005,KR7412560005,2021-12-15,verified_official,synced
412570,KR7412570004,KR7412570004,2021-12-15,verified_official,synced
412770,KR7412770000,KR7412770000,2021-12-22,verified_official,synced
413220,KR7413220005,KR7413220005,2021-12-22,verified_official,synced
413930,KR7413930009,KR7413930009,2022-01-05,verified_official,synced
414270,KR7414270009,KR7414270009,2022-02-15,verified_official,synced
414780,KR7414780007,KR7414780007,2022-01-13,verified_official,synced
415340,KR7415340009,KR7415340009,2022-01-13,verified_official,synced
415760,KR7415760008,KR7415760008,2022-01-13,verified_official,synced
415920,KR7415920008,KR7415920008,2022-01-18,verified_official,synced
416090,KR7416090009,KR7416090009,2022-01-13,verified_official,synced
417450,KR7417450004,KR7417450004,2022-02-15,verified_official,synced
417630,KR7417630001,KR7417630001,2022-02-08,verified_official,synced
418660,KR7418660007,KR7418660007,2022-02-22,verified_official,synced
418670,KR7418670006,KR7418670006,2022-02-22,verified_official,synced
419420,KR7419420005,KR7419420005,2022-03-22,verified_official,synced
419430,KR7419430004,KR7419430004,2022-03-22,verified_official,synced
419650,KR7419650007,KR7419650007,2022-02-15,verified_official,synced
419890,KR7419890009,KR7419890009,2022-03-03,verified_official,synced
421320,KR7421320003,KR7421320003,2022-03-29,verified_official,synced
422420,KR7422420000,KR7422420000,2022-04-08,verified_official,synced
423160,KR7423160001,KR7423160001,2022-04-26,verified_official,synced
423170,KR7423170000,KR7423170000,2022-04-12,verified_official,synced
423920,KR7423920008,KR7423920008,2022-04-19,verified_official,synced
426020,KR7426020004,KR7426020004,2022-05-11,verified_official,synced
426030,KR7426030003,KR7426030003,2022-05-11,verified_official,synced
426150,KR7426150009,KR7426150009,2022-05-11,verified_official,synced
427120,KR7427120001,KR7427120001,2022-05-17,verified_official,synced
428510,KR7428510002,KR7428510002,2022-05-17,verified_official,synced
428560,KR7428560007,KR7428560007,2022-05-17,verified_official,synced
429000,KR7429000003,KR7429000003,2022-05-17,verified_official,synced
429010,KR7429010002,KR7429010002,2022-05-17,verified_official,synced
429740,KR7429740004,KR7429740004,2022-05-24,verified_official,synced
429760,KR7429760002,KR7429760002,2022-05-31,verified_official,synced
429980,KR7429980006,KR7429980006,2022-06-14,verified_official,synced
430500,KR7430500009,KR7430500009,2022-05-31,verified_official,synced
432600,KR7432600005,KR7432600005,2022-06-14,verified_official,synced
432840,KR7432840007,KR7432840007,2022-06-08,verified_official,synced
433220,KR7433220001,KR7433220001,2022-06-28,verified_official,synced
433250,KR7433250008,KR7433250008,2022-07-06,verified_official,synced
433330,KR7433330008,KR7433330008,2022-06-21,verified_official,synced
433500,KR7433500006,KR7433500006,2022-06-28,verified_official,synced
433880,KR7433880002,KR7433880002,2022-06-30,verified_official,synced
433970,KR7433970001,KR7433970001,2022-06-30,verified_official,synced
433980,KR7433980000,KR7433980000,2022-06-30,verified_official,synced
434060,KR7434060000,KR7434060000,2022-06-30,verified_official,synced
434730,KR7434730008,KR7434730008,2022-06-28,verified_official,synced
434960,KR7434960001,KR7434960001,2022-06-28,verified_official,synced
435040,KR7435040001,KR7435040001,2022-06-28,verified_official,synced
435420,KR7435420005,KR7435420005,2022-07-06,verified_official,synced
435530,KR7435530001,KR7435530001,2022-06-30,verified_official,synced
435540,KR7435540000,KR7435540000,2022-06-30,verified_official,synced
435550,KR7435550009,KR7435550009,2022-06-30,verified_official,synced
436140,KR7436140008,KR7436140008,2022-08-09,verified_official,synced
437070,KR7437070006,KR7437070006,2022-08-09,verified_official,synced
437080,KR7437080005,KR7437080005,2022-08-09,verified_official,synced
437350,KR7437350002,KR7437350002,2022-07-29,verified_official,synced
437370,KR7437370000,KR7437370000,2022-07-29,verified_official,synced
438080,KR7438080004,KR7438080004,2022-08-26,verified_official,synced
438100,KR7438100000,KR7438100000,2022-08-26,verified_official,synced
438320,KR7438320004,KR7438320004,2022-08-23,verified_official,synced
438330,KR7438330003,KR7438330003,2022-08-23,verified_official,synced
438560,KR7438560005,KR7438560005,2022-09-06,verified_official,synced
438570,KR7438570004,KR7438570004,2022-09-06,verified_official,synced
438740,KR7438740003,KR7438740003,2022-08-17,verified_official,synced
438900,KR7438900003,KR7438900003,2022-08-17,verified_official,synced
439860,KR7439860008,KR7439860008,2022-08-23,verified_official,synced
439870,KR7439870007,KR7439870007,2022-08-23,verified_official,synced
440340,KR7440340008,KR7440340008,2022-08-30,verified_official,synced
440640,KR7440640001,KR7440640001,2022-08-23,verified_official,synced
440650,KR7440650000,KR7440650000,2022-08-23,verified_official,synced
440910,KR7440910008,KR7440910008,2022-08-26,verified_official,synced
441540,KR7441540002,KR7441540002,2022-09-15,verified_official,synced
441640,KR7441640000,KR7441640000,2022-09-27,verified_official,synced
441680,KR7441680006,KR7441680006,2022-09-22,verified_official,synced
441800,KR7441800000,KR7441800000,2022-09-27,verified_official,synced
442090,KR7442090007,KR7442090007,2022-09-20,verified_official,synced
442260,KR7442260006,KR7442260006,2022-10-25,verified_official,synced
442320,KR7442320008,KR7442320008,2022-10-13,verified_official,synced
442550,KR7442550000,KR7442550000,2022-09-22,verified_official,synced
442560,KR7442560009,KR7442560009,2022-09-22,verified_official,synced
442570,KR7442570008,KR7442570008,2022-09-22,verified_official,synced
442580,KR7442580007,KR7442580007,2022-09-22,verified_official,synced
444200,KR7444200000,KR7444200000,2022-10-18,verified_official,synced
444490,KR7444490007,KR7444490007,2022-10-06,verified_official,synced
445150,KR7445150006,KR7445150006,2022-11-15,verified_official,synced
445290,KR7445290000,KR7445290000,2022-11-15,verified_official,synced
445690,KR7445690001,KR7445690001,2022-10-27,verified_official,synced
445910,KR7445910003,KR7445910003,2022-10-18,verified_official,synced
446690,KR7446690000,KR7446690000,2023-02-01,verified_official,synced
446700,KR7446700007,KR7446700007,2022-11-01,verified_official,synced
446720,KR7446720005,KR7446720005,2022-11-15,verified_official,synced
446770,KR7446770000,KR7446770000,2022-11-15,verified_official,synced
447430,KR7447430000,KR7447430000,2022-11-15,verified_official,synced
447620,KR7447620006,KR7447620006,2022-11-29,verified_official,synced
447660,KR7447660002,KR7447660002,2022-11-29,verified_official,synced
447770,KR7447770009,KR7447770009,2022-11-29,verified_official,synced
448100,KR7448100008,KR7448100008,2022-12-16,verified_official,synced
448290,KR7448290007,KR7448290007,2022-11-25,verified_official,synced
448300,KR7448300004,KR7448300004,2022-11-25,verified_official,synced
448330,KR7448330001,KR7448330001,2022-11-29,verified_official,synced
448490,KR7448490003,KR7448490003,2022-11-22,verified_official,synced
448540,KR7448540005,KR7448540005,2022-11-29,verified_official,synced
448570,KR7448570002,KR7448570002,2022-11-15,verified_official,synced
448630,KR7448630004,KR7448630004,2022-11-29,verified_official,synced
449170,KR7449170000,KR7449170000,2022-11-30,verified_official,synced
449180,KR7449180009,KR7449180009,2022-12-02,verified_official,synced
449190,KR7449190008,KR7449190008,2022-12-02,verified_official,synced
449450,KR7449450006,KR7449450006,2023-01-05,verified_official,synced
449580,KR7449580000,KR7449580000,2022-12-20,verified_official,synced
449680,KR7449680008,KR7449680008,2022-12-22,verified_official,synced
449690,KR7449690007,KR7449690007,2022-12-22,verified_official,synced
449770,KR7449770007,KR7449770007,2022-12-20,verified_official,synced
449780,KR7449780006,KR7449780006,2022-12-20,verified_official,synced
450180,KR7450180005,KR7450180005,2022-12-22,verified_official,synced
450190,KR7450190004,KR7450190004,2022-12-22,verified_official,synced
450910,KR7450910005,KR7450910005,2023-01-31,verified_official,synced
451000,KR7451000004,KR7451000004,2023-01-10,verified_official,synced
451060,KR7451060008,KR7451060008,2023-01-31,verified_official,synced
451150,KR7451150007,KR7451150007,2023-01-31,verified_official,synced
451530,KR7451530000,KR7451530000,2023-02-01,verified_official,synced
451540,KR7451540009,KR7451540009,2023-02-01,verified_official,synced
451600,KR7451600001,KR7451600001,2023-02-07,verified_official,synced
451670,KR7451670004,KR7451670004,2023-02-14,verified_official,synced
452250,KR7452250004,KR7452250004,2023-02-07,verified_official,synced
452360,KR7452360001,KR7452360001,2023-03-21,verified_official,synced
453010,KR7453010001,KR7453010001,2023-03-14,verified_official,synced
453060,KR7453060006,KR7453060006,2023-03-14,verified_official,synced
453080,KR7453080004,KR7453080004,2023-03-14,verified_official,synced
453330,KR7453330003,KR7453330003,2023-03-21,verified_official,synced
453630,KR7453630006,KR7453630006,2023-03-21,verified_official,synced
453640,KR7453640005,KR7453640005,2023-03-21,verified_official,synced
453650,KR7453650004,KR7453650004,2023-03-21,verified_official,synced
453660,KR7453660003,KR7453660003,2023-03-21,verified_official,synced
453810,KR7453810004,KR7453810004,2023-04-21,verified_official,synced
453820,KR7453820003,KR7453820003,2023-04-21,verified_official,synced
453850,KR7453850000,KR7453850000,2023-03-14,verified_official,synced
453870,KR7453870008,KR7453870008,2023-04-14,verified_official,synced
453950,KR7453950008,KR7453950008,2023-04-04,verified_official,synced
454180,KR7454180001,KR7454180001,2023-04-04,verified_official,synced
454320,KR7454320003,KR7454320003,2023-04-18,verified_official,synced
454780,KR7454780008,KR7454780008,2023-04-11,verified_official,synced
455030,KR7455030007,KR7455030007,2023-04-04,verified_official,synced
455660,KR7455660001,KR7455660001,2023-04-18,verified_official,synced
455850,KR7455850008,KR7455850008,2023-04-25,verified_official,synced
455860,KR7455860007,KR7455860007,2023-04-25,verified_official,synced
455890,KR7455890004,KR7455890004,2023-05-09,verified_official,synced
455960,KR7455960005,KR7455960005,2023-05-16,verified_official,synced
456200,KR7456200005,KR7456200005,2023-05-09,verified_official,synced
456250,KR7456250000,KR7456250000,2023-04-25,verified_official,synced
456600,KR7456600006,KR7456600006,2023-05-16,verified_official,synced
456610,KR7456610005,KR7456610005,2023-05-09,verified_official,synced
456680,KR7456680008,KR7456680008,2023-05-09,verified_official,synced
456880,KR7456880004,KR7456880004,2023-04-25,verified_official,synced
457480,KR7457480002,KR7457480002,2023-05-16,verified_official,synced
457690,KR7457690006,KR7457690006,2023-05-31,verified_official,synced
457700,KR7457700003,KR7457700003,2023-05-31,verified_official,synced
457930,KR7457930006,KR7457930006,2023-06-20,verified_official,synced
457990,KR7457990000,KR7457990000,2023-06-20,verified_official,synced
458030,KR7458030004,KR7458030004,2023-05-31,verified_official,synced
458210,KR7458210002,KR7458210002,2023-05-23,verified_official,synced
458250,KR7458250008,KR7458250008,2023-05-31,verified_official,synced
458260,KR7458260007,KR7458260007,2023-05-31,verified_official,synced
458730,KR7458730009,KR7458730009,2023-06-20,verified_official,synced
458750,KR7458750007,KR7458750007,2023-06-20,verified_official,synced
458760,KR7458760006,KR7458760006,2023-06-20,verified_official,synced
459560,KR7459560009,KR7459560009,2023-06-08,verified_official,synced
459580,KR7459580007,KR7459580007,2023-06-08,verified_official,synced
459750,KR7459750006,KR7459750006,2023-06-27,verified_official,synced
459790,KR7459790002,KR7459790002,2023-06-27,verified_official,synced
460270,KR7460270002,KR7460270002,2023-06-20,verified_official,synced
460660,KR7460660004,KR7460660004,2023-06-27,verified_official,synced
460960,KR7460960008,KR7460960008,2023-07-11,verified_official,synced
461340,KR7461340002,KR7461340002,2023-07-11,verified_official,synced
461450,KR7461450009,KR7461450009,2023-06-29,verified_official,synced
461460,KR7461460008,KR7461460008,2023-07-18,verified_official,synced
461490,KR7461490005,KR7461490005,2023-06-27,verified_official,synced
461500,KR7461500001,KR7461500001,2023-10-26,verified_official,synced
461580,KR7461580003,KR7461580003,2023-06-29,verified_official,synced
461600,KR7461600009,KR7461600009,2023-07-11,verified_official,synced
461900,KR7461900003,KR7461900003,2023-07-18,verified_official,synced
461910,KR7461910002,KR7461910002,2023-07-18,verified_official,synced
461950,KR7461950008,KR7461950008,2023-07-04,verified_official,synced
462010,KR7462010000,KR7462010000,2023-07-13,verified_official,synced
462330,KR7462330002,KR7462330002,2023-07-04,verified_official,synced
462340,KR7462340001,KR7462340001,2023-07-25,verified_official,synced
462900,KR7462900002,KR7462900002,2023-08-03,verified_official,synced
463050,KR7463050005,KR7463050005,2023-08-17,verified_official,synced
463250,KR7463250001,KR7463250001,2023-07-25,verified_official,synced
463290,KR7463290007,KR7463290007,2023-08-03,verified_official,synced
463300,KR7463300004,KR7463300004,2023-08-08,verified_official,synced
463640,KR7463640003,KR7463640003,2023-08-01,verified_official,synced
463680,KR7463680009,KR7463680009,2023-08-01,verified_official,synced
463690,KR7463690008,KR7463690008,2023-08-01,verified_official,synced
464240,KR7464240001,KR7464240001,2023-08-17,verified_official,synced
464310,KR7464310002,KR7464310002,2023-08-17,verified_official,synced
464470,KR7464470004,KR7464470004,2023-08-22,verified_official,synced
464600,KR7464600006,KR7464600006,2023-08-22,verified_official,synced
464610,KR7464610005,KR7464610005,2023-08-22,verified_official,synced
464920,KR7464920008,KR7464920008,2023-08-31,verified_official,synced
464930,KR7464930007,KR7464930007,2023-08-29,verified_official,synced
465330,KR7465330009,KR7465330009,2023-09-12,verified_official,synced
465350,KR7465350007,KR7465350007,2023-09-12,verified_official,synced
465580,KR7465580009,KR7465580009,2023-09-12,verified_official,synced
465610,KR7465610004,KR7465610004,2023-09-12,verified_official,synced
465620,KR7465620003,KR7465620003,2023-09-12,verified_official,synced
465660,KR7465660009,KR7465660009,2023-09-19,verified_official,synced
465670,KR7465670008,KR7465670008,2023-09-19,verified_official,synced
465780,KR7465780005,KR7465780005,2023-09-21,verified_official,synced
466810,KR7466810009,KR7466810009,2023-10-19,verified_official,synced
466920,KR7466920006,KR7466920006,2023-10-05,verified_official,synced
466930,KR7466930005,KR7466930005,2023-10-05,verified_official,synced
466940,KR7466940004,KR7466940004,2023-10-17,verified_official,synced
466950,KR7466950003,KR7466950003,2023-10-11,verified_official,synced
468370,KR7468370002,KR7468370002,2023-10-19,verified_official,synced
468380,KR7468380001,KR7468380001,2023-10-19,verified_official,synced
468630,KR7468630009,KR7468630009,2023-10-19,verified_official,synced
469050,KR7469050009,KR7469050009,2023-10-24,verified_official,synced
469060,KR7469060008,KR7469060008,2023-10-24,verified_official,synced
469070,KR7469070007,KR7469070007,2023-10-24,verified_official,synced
469150,KR7469150007,KR7469150007,2023-10-17,verified_official,synced
469160,KR7469160006,KR7469160006,2023-10-17,verified_official,synced
469170,KR7469170005,KR7469170005,2023-10-17,verified_official,synced
469530,KR7469530000,KR7469530000,2023-11-09,verified_official,synced
469790,KR7469790000,KR7469790000,2023-10-31,verified_official,synced
469830,KR7469830004,KR7469830004,2023-11-07,verified_official,synced
470310,KR7470310004,KR7470310004,2023-11-21,verified_official,synced
471040,KR7471040006,KR7471040006,2023-11-21,verified_official,synced
471230,KR7471230003,KR7471230003,2023-11-14,verified_official,synced
471460,KR7471460006,KR7471460006,2023-11-07,verified_official,synced
471760,KR7471760009,KR7471760009,2023-11-21,verified_official,synced
471780,KR7471780007,KR7471780007,2023-11-28,verified_official,synced
471990,KR7471990002,KR7471990002,2023-11-21,verified_official,synced
472150,KR7472150002,KR7472150002,2023-12-12,verified_official,synced
472160,KR7472160001,KR7472160001,2023-12-05,verified_official,synced
472170,KR7472170000,KR7472170000,2023-12-05,verified_official,synced
472720,KR7472720002,KR7472720002,2023-12-14,verified_official,synced
472830,KR7472830009,KR7472830009,2023-12-14,verified_official,synced
472840,KR7472840008,KR7472840008,2023-12-21,verified_official,synced
472870,KR7472870005,KR7472870005,2023-12-27,verified_official,synced
472920,KR7472920008,KR7472920008,2023-11-28,verified_official,synced
473290,KR7473290005,KR7473290005,2023-12-12,verified_official,synced
473330,KR7473330009,KR7473330009,2023-12-27,verified_official,synced
473440,KR7473440006,KR7473440006,2023-12-19,verified_official,synced
473460,KR7473460004,KR7473460004,2023-12-27,verified_official,synced
473490,KR7473490001,KR7473490001,2023-12-21,verified_official,synced
473590,KR7473590008,KR7473590008,2023-12-27,verified_official,synced
473640,KR7473640001,KR7473640001,2024-01-18,verified_official,synced
474220,KR7474220001,KR7474220001,2024-01-16,verified_official,synced
474390,KR7474390002,KR7474390002,2024-01-16,verified_official,synced
474590,KR7474590007,KR7474590007,2024-01-16,verified_official,synced
474800,KR7474800000,KR7474800000,2024-01-16,verified_official,synced
474920,KR7474920006,KR7474920006,2024-01-16,verified_official,synced
475050,KR7475050001,KR7475050001,2024-01-30,verified_official,synced
475070,KR7475070009,KR7475070009,2024-01-18,verified_official,synced
475080,KR7475080008,KR7475080008,2024-01-23,verified_official,synced
475260,KR7475260006,KR7475260006,2024-01-23,verified_official,synced
475270,KR7475270005,KR7475270005,2024-01-23,verified_official,synced
475280,KR7475280004,KR7475280004,2024-01-23,verified_official,synced
475300,KR7475300000,KR7475300000,2024-02-14,verified_official,synced
475310,KR7475310009,KR7475310009,2024-02-14,verified_official,synced
475350,KR7475350005,KR7475350005,2024-02-27,verified_official,synced
475380,KR7475380002,KR7475380002,2024-02-20,verified_official,synced
475630,KR7475630000,KR7475630000,2024-02-06,verified_official,synced
475720,KR7475720009,KR7475720009,2024-03-05,verified_official,synced
476000,KR7476000005,KR7476000005,2024-02-27,verified_official,synced
476030,KR7476030002,KR7476030002,2024-03-12,verified_official,synced
476070,KR7476070008,KR7476070008,2024-02-14,verified_official,synced
476260,KR7476260005,KR7476260005,2024-02-27,verified_official,synced
476310,KR7476310008,KR7476310008,2024-02-27,verified_official,synced
476450,KR7476450002,KR7476450002,2024-02-29,verified_official,synced
476550,KR7476550009,KR7476550009,2024-02-27,verified_official,synced
476690,KR7476690003,KR7476690003,2024-02-29,verified_official,synced
476750,KR7476750005,KR7476750005,2024-03-12,verified_official,synced
476760,KR7476760004,KR7476760004,2024-03-12,verified_official,synced
476800,KR7476800008,KR7476800008,2024-03-05,verified_official,synced
476850,KR7476850003,KR7476850003,2024-02-27,verified_official,synced
477050,KR7477050009,KR7477050009,2024-03-26,verified_official,synced
477080,KR7477080006,KR7477080006,2024-03-26,verified_official,synced
477490,KR7477490007,KR7477490007,2024-03-19,verified_official,synced
477730,KR7477730006,KR7477730006,2024-05-08,verified_official,synced
478150,KR7478150006,KR7478150006,2024-04-23,verified_official,synced
479080,KR7479080004,KR7479080004,2024-04-02,verified_official,synced
479520,KR7479520009,KR7479520009,2024-04-30,verified_official,synced
479620,KR7479620007,KR7479620007,2024-04-16,verified_official,synced
479730,KR7479730004,KR7479730004,2024-05-14,verified_official,synced
479850,KR7479850000,KR7479850000,2024-04-16,verified_official,synced
480020,KR7480020007,KR7480020007,2024-04-23,verified_official,synced
480030,KR7480030006,KR7480030006,2024-04-23,verified_official,synced
480040,KR7480040005,KR7480040005,2024-04-23,verified_official,synced
480260,KR7480260009,KR7480260009,2024-04-23,verified_official,synced
480310,KR7480310002,KR7480310002,2024-04-16,verified_official,synced
480460,KR7480460005,KR7480460005,2024-04-30,verified_official,synced
481050,KR7481050003,KR7481050003,2024-04-23,verified_official,synced
481060,KR7481060002,KR7481060002,2024-04-30,verified_official,synced
481180,KR7481180008,KR7481180008,2024-05-14,verified_official,synced
481190,KR7481190007,KR7481190007,2024-05-21,verified_official,synced
481340,KR7481340008,KR7481340008,2024-05-28,verified_official,synced
481430,KR7481430007,KR7481430007,2024-05-21,verified_official,synced
482030,KR7482030004,KR7482030004,2024-05-14,verified_official,synced
482730,KR7482730009,KR7482730009,2024-05-21,verified_official,synced
483020,KR7483020004,KR7483020004,2024-05-28,verified_official,synced
483030,KR7483030003,KR7483030003,2024-05-28,verified_official,synced
483280,KR7483280004,KR7483280004,2024-05-28,verified_official,synced
483290,KR7483290003,KR7483290003,2024-05-28,verified_official,synced
483320,KR7483320008,KR7483320008,2024-06-11,verified_official,synced
483330,KR7483330007,KR7483330007,2024-06-11,verified_official,synced
483340,KR7483340006,KR7483340006,2024-06-11,verified_official,synced
483570,KR7483570008,KR7483570008,2024-05-28,verified_official,synced
484790,KR7484790001,KR7484790001,2024-06-18,verified_official,synced
484880,KR7484880000,KR7484880000,2024-06-25,verified_official,synced
484890,KR7484890009,KR7484890009,2024-06-25,verified_official,synced
485540,KR7485540009,KR7485540009,2024-06-25,verified_official,synced
485690,KR7485690002,KR7485690002,2024-07-23,verified_official,synced
485810,KR7485810006,KR7485810006,2024-07-02,verified_official,synced
486240,KR7486240005,KR7486240005,2024-06-18,verified_official,synced
486290,KR7486290000,KR7486290000,2024-06-25,verified_official,synced
486450,KR7486450000,KR7486450000,2024-07-16,verified_official,synced
486830,KR7486830003,KR7486830003,2024-07-16,verified_official,synced
487130,KR7487130007,KR7487130007,2024-07-09,verified_official,synced
487230,KR7487230005,KR7487230005,2024-07-09,verified_official,synced
487240,KR7487240004,KR7487240004,2024-07-09,verified_official,synced
487340,KR7487340002,KR7487340002,2024-07-09,verified_official,synced
487750,KR7487750002,KR7487750002,2024-07-23,verified_official,synced
487910,KR7487910002,KR7487910002,2024-09-10,verified_official,synced
487920,KR7487920001,KR7487920001,2024-09-10,verified_official,synced
487950,KR7487950008,KR7487950008,2024-07-23,verified_official,synced
488080,KR7488080003,KR7488080003,2024-07-23,verified_official,synced
488200,KR7488200007,KR7488200007,2024-07-23,verified_official,synced
488210,KR7488210006,KR7488210006,2024-07-23,verified_official,synced
488290,KR7488290008,KR7488290008,2024-08-06,verified_official,synced
488480,KR7488480005,KR7488480005,2024-08-20,verified_official,synced
488500,KR7488500000,KR7488500000,2024-07-23,verified_official,synced
488720,KR7488720004,KR7488720004,2024-08-06,verified_official,synced
488770,KR7488770009,KR7488770009,2024-08-06,verified_official,synced
488980,KR7488980004,KR7488980004,2024-10-08,verified_official,synced
489000,KR7489000000,KR7489000000,2024-08-13,verified_official,synced
489030,KR7489030007,KR7489030007,2024-08-13,verified_official,synced
489250,KR7489250001,KR7489250001,2024-08-13,verified_official,synced
489290,KR7489290007,KR7489290007,2024-09-03,verified_official,synced
489860,KR7489860007,KR7489860007,2024-08-27,verified_official,synced
490090,KR7490090008,KR7490090008,2024-08-27,verified_official,synced
490330,KR7490330008,KR7490330008,2024-09-03,verified_official,synced
490480,KR7490480001,KR7490480001,2024-10-02,verified_official,synced
490490,KR7490490000,KR7490490000,2024-09-24,verified_official,synced
490590,KR7490590007,KR7490590007,2024-10-02,verified_official,synced
490600,KR7490600004,KR7490600004,2024-09-24,verified_official,synced
491010,KR7491010005,KR7491010005,2024-09-10,verified_official,synced
491090,KR7491090007,KR7491090007,2024-09-10,verified_official,synced
491220,KR7491220000,KR7491220000,2024-09-10,verified_official,synced
491230,KR7491230009,KR7491230009,2024-09-10,verified_official,synced
491510,KR7491510004,KR7491510004,2024-09-24,verified_official,synced
491610,KR7491610002,KR7491610002,2024-09-24,verified_official,synced
491620,KR7491620001,KR7491620001,2024-10-02,verified_official,synced
491630,KR7491630000,KR7491630000,2024-10-22,verified_official,synced
491700,KR7491700001,KR7491700001,2024-09-10,verified_official,synced
491820,KR7491820007,KR7491820007,2024-09-24,verified_official,synced
491830,KR7491830006,KR7491830006,2024-09-24,verified_official,synced
492500,KR7492500004,KR7492500004,2024-10-02,verified_official,synced
493420,KR7493420004,KR7493420004,2024-10-08,verified_official,synced
493810,KR7493810006,KR7493810006,2024-10-15,verified_official,synced
494180,KR7494180003,KR7494180003,2024-10-29,verified_official,synced
494210,KR7494210008,KR7494210008,2024-10-15,verified_official,synced
494220,KR7494220007,KR7494220007,2024-11-07,verified_official,synced
494300,KR7494300007,KR7494300007,2024-10-22,verified_official,synced
494310,KR7494310006,KR7494310006,2024-10-22,verified_official,synced
494330,KR7494330004,KR7494330004,2024-10-15,verified_official,synced
494340,KR7494340003,KR7494340003,2024-10-22,verified_official,synced
494410,KR7494410004,KR7494410004,2024-10-22,verified_official,synced
494420,KR7494420003,KR7494420003,2024-10-22,verified_official,synced
494670,KR7494670003,KR7494670003,2024-10-22,verified_official,synced
494840,KR7494840002,KR7494840002,2024-10-29,verified_official,synced
494890,KR7494890007,KR7494890007,2024-10-29,verified_official,synced
495040,KR7495040008,KR7495040008,2024-11-04,verified_official,synced
495050,KR7495050007,KR7495050007,2024-11-04,verified_official,synced
495060,KR7495060006,KR7495060006,2024-11-04,verified_official,synced
495230,KR7495230005,KR7495230005,2024-11-04,verified_official,synced
495330,KR7495330003,KR7495330003,2024-11-04,verified_official,synced
495550,KR7495550006,KR7495550006,2024-11-04,verified_official,synced
495750,KR7495750002,KR7495750002,2024-11-04,verified_official,synced
495850,KR7495850000,KR7495850000,2024-11-04,verified_official,synced
495940,KR7495940009,KR7495940009,2024-11-26,verified_official,synced
496020,KR7496020009,KR7496020009,2024-11-19,verified_official,synced
496080,KR7496080003,KR7496080003,2024-11-04,verified_official,synced
496090,KR7496090002,KR7496090002,2024-11-04,verified_official,synced
496120,KR7496120007,KR7496120007,2024-11-04,verified_official,synced
496130,KR7496130006,KR7496130006,2024-11-04,verified_official,synced
496770,KR7496770009,KR7496770009,2024-11-12,verified_official,synced
497510,KR7497510008,KR7497510008,2024-11-19,verified_official,synced
497520,KR7497520007,KR7497520007,2024-11-19,verified_official,synced
497570,KR7497570002,KR7497570002,2024-11-26,verified_official,synced
497780,KR7497780007,KR7497780007,2024-12-10,verified_official,synced
497880,KR7497880005,KR7497880005,2024-11-26,verified_official,synced
498050,KR7498050004,KR7498050004,2024-11-26,verified_official,synced
498180,KR7498180009,KR7498180009,2024-11-26,verified_official,synced
498270,KR7498270008,KR7498270008,2024-12-17,verified_official,synced
498400,KR7498400001,KR7498400001,2024-12-03,verified_official,synced
498410,KR7498410000,KR7498410000,2024-12-17,verified_official,synced
498610,KR7498610005,KR7498610005,2025-04-01,verified_official,synced
498860,KR7498860006,KR7498860006,2024-12-10,verified_official,synced
499150,KR7499150001,KR7499150001,2024-12-03,verified_official,synced
499660,KR7499660009,KR7499660009,2024-12-17,verified_official,synced
