window_id,etf_id,ticker,window_start,window_end,issuer_document_source_ids,issuer_coverage_status,krx_coverage_status,corporate_action_coverage_status,window_status,last_checked_at,note
window:00a21e8b91b83a1d9a34,KR70000D0009,0000D0,2026-05-01,2026-05-31,issuer:tiger:notice:20260527:monthend,issuer_events_observed,pending,pending,blocked,2026-08-28T16:35:50+00:00,공식 운용사 공지에서 분배금 후보를 확보했으나 KIND·무분배·기업행동 검증 전이므로 TR 계산 차단.
window:57467c5a7bc0c2d39e46,KR70000D0009,0000D0,2026-06-01,2026-06-30,issuer:tiger:notice:20260626:monthend,issuer_events_observed,pending,pending,blocked,2026-08-28T16:35:50+00:00,공식 운용사 공지에서 분배금 후보를 확보했으나 KIND·무분배·기업행동 검증 전이므로 TR 계산 차단.
window:2c60b20fb1ebbf4110ca,KR70000H0005,0000H0,2026-07-01,2026-07-31,issuer:kodex:notice:20260728:monthend,issuer_events_observed,pending,pending,blocked,2026-08-28T16:35:50+00:00,공식 운용사 공지에서 분배금 후보를 확보했으나 KIND·무분배·기업행동 검증 전이므로 TR 계산 차단.
window:0809cb1bfd3e4d732ddb,KR70000Z0003,0000Z0,2026-07-01,2026-07-31,issuer:rise:notice:20260728:monthend,issuer_events_observed,pending,pending,blocked,2026-08-28T16:35:50+00:00,공식 운용사 공지에서 분배금 후보를 확보했으나 KIND·무분배·기업행동 검증 전이므로 TR 계산 차단.
window:f3ec9913cefe2c61bbe6,KR70005A0007,0005A0,2026-07-01,2026-07-31,issuer:kodex:notice:20260728:monthend,issuer_events_observed,pending,pending,blocked,2026-08-28T16:35:50+00:00,공식 운용사 공지에서 분배금 후보를 확보했으나 KIND·무분배·기업행동 검증 전이므로 TR 계산 차단.
window:b6a44eeaeaaae5c262ff,KR70008S0004,0008S0,2026-06-01,2026-06-30,issuer:tiger:notice:20260611:midmonth,issuer_events_observed,pending,pending,blocked,2026-08-28T16:35:50+00:00,공식 운용사 공지에서 분배금 후보를 확보했으나 KIND·무분배·기업행동 검증 전이므로 TR 계산 차단.
window:60ff9132e9f8b4ae3c25,KR70008S0004,0008S0,2026-07-01,2026-07-31,issuer:tiger:notice:20260713:midmonth,issuer_events_observed,pending,pending,blocked,2026-08-28T16:35:50+00:00,공식 운용사 공지에서 분배금 후보를 확보했으나 KIND·무분배·기업행동 검증 전이므로 TR 계산 차단.
window:33ef133cbab01a360afa,KR70008S0004,0008S0,2026-08-01,2026-08-31,issuer:tiger:notice:20260812:midmonth,issuer_events_observed,pending,pending,blocked,2026-08-28T16:35:50+00:00,공식 운용사 공지에서 분배금 후보를 확보했으나 KIND·무분배·기업행동 검증 전이므로 TR 계산 차단.
window:3c8b7201899d3aa944d5,KR70013P0000,0013P0,2026-07-01,2026-07-31,issuer:rise:notice:20260728:monthend,issuer_events_observed,pending,pending,blocked,2026-08-28T16:35:50+00:00,공식 운용사 공지에서 분배금 후보를 확보했으나 KIND·무분배·기업행동 검증 전이므로 TR 계산 차단.
window:817f8a91c8d40a0fa18f,KR70013R0008,0013R0,2026-07-01,2026-07-31,issuer:rise:notice:20260728:monthend,issuer_events_observed,pending,pending,blocked,2026-08-28T16:35:50+00:00,공식 운용사 공지에서 분배금 후보를 확보했으나 KIND·무분배·기업행동 검증 전이므로 TR 계산 차단.
window:f8ea5094ff0e3e72fde5,KR70018Z0003,0018Z0,2026-07-01,2026-07-31,issuer:rise:notice:20260728:monthend,issuer_events_observed,pending,pending,blocked,2026-08-28T16:35:50+00:00,공식 운용사 공지에서 분배금 후보를 확보했으나 KIND·무분배·기업행동 검증 전이므로 TR 계산 차단.
window:b86d17b5d4b36fb1b97f,KR70028X0003,0028X0,2026-07-01,2026-07-31,issuer:kodex:notice:20260728:monthend,issuer_events_observed,pending,pending,blocked,2026-08-28T16:35:50+00:00,공식 운용사 공지에서 분배금 후보를 확보했으나 KIND·무분배·기업행동 검증 전이므로 TR 계산 차단.
window:eef569107f2a724b6c34,KR70036R0001,0036R0,2026-07-01,2026-07-31,issuer:rise:notice:20260728:monthend,issuer_events_observed,pending,pending,blocked,2026-08-28T16:35:50+00:00,공식 운용사 공지에서 분배금 후보를 확보했으나 KIND·무분배·기업행동 검증 전이므로 TR 계산 차단.
window:7310c4752271f4ab0e2e,KR70036Z0001,0036Z0,2026-07-01,2026-07-31,issuer:rise:notice:20260728:monthend,issuer_events_observed,pending,pending,blocked,2026-08-28T16:35:50+00:00,공식 운용사 공지에서 분배금 후보를 확보했으나 KIND·무분배·기업행동 검증 전이므로 TR 계산 차단.
window:c81765e1e104fa249783,KR70038A0008,0038A0,2026-07-01,2026-07-31,issuer:kodex:notice:20260728:monthend,issuer_events_observed,pending,pending,blocked,2026-08-28T16:35:50+00:00,공식 운용사 공지에서 분배금 후보를 확보했으나 KIND·무분배·기업행동 검증 전이므로 TR 계산 차단.
window:6ae77d2a1b9d9c50bf5e,KR70041D0000,0041D0,2026-07-01,2026-07-31,issuer:kodex:notice:20260728:monthend,issuer_events_observed,pending,pending,blocked,2026-08-28T16:35:50+00:00,공식 운용사 공지에서 분배금 후보를 확보했으나 KIND·무분배·기업행동 검증 전이므로 TR 계산 차단.
window:24e33281a9ae54d2581c,KR70041E0009,0041E0,2026-07-01,2026-07-31,issuer:kodex:notice:20260728:monthend,issuer_events_observed,pending,pending,blocked,2026-08-28T16:35:50+00:00,공식 운용사 공지에서 분배금 후보를 확보했으나 KIND·무분배·기업행동 검증 전이므로 TR 계산 차단.
window:4da6967a94023996c224,KR70046A0008,0046A0,2026-05-01,2026-05-31,issuer:tiger:notice:20260527:monthend,issuer_events_observed,pending,pending,blocked,2026-08-28T16:35:50+00:00,공식 운용사 공지에서 분배금 후보를 확보했으나 KIND·무분배·기업행동 검증 전이므로 TR 계산 차단.
window:bebe151dac0f4bd640fe,KR70046A0008,0046A0,2026-06-01,2026-06-30,issuer:tiger:notice:20260626:monthend,issuer_events_observed,pending,pending,blocked,2026-08-28T16:35:50+00:00,공식 운용사 공지에서 분배금 후보를 확보했으나 KIND·무분배·기업행동 검증 전이므로 TR 계산 차단.
window:c21138617fd759b9d83a,KR70048J0007,0048J0,2026-07-01,2026-07-31,issuer:kodex:notice:20260728:monthend,issuer_events_observed,pending,pending,blocked,2026-08-28T16:35:50+00:00,공식 운용사 공지에서 분배금 후보를 확보했으나 KIND·무분배·기업행동 검증 전이므로 TR 계산 차단.
window:1c93aafd50ec56428f8d,KR70048K0004,0048K0,2026-07-01,2026-07-31,issuer:kodex:notice:20260728:monthend,issuer_events_observed,pending,pending,blocked,2026-08-28T16:35:50+00:00,공식 운용사 공지에서 분배금 후보를 확보했으나 KIND·무분배·기업행동 검증 전이므로 TR 계산 차단.
window:e36d122ed7ddfcdf54d0,KR70052D0006,0052D0,2026-06-01,2026-06-30,issuer:tiger:notice:20260611:midmonth,issuer_events_observed,pending,pending,blocked,2026-08-28T16:35:50+00:00,공식 운용사 공지에서 분배금 후보를 확보했으나 KIND·무분배·기업행동 검증 전이므로 TR 계산 차단.
window:a8e445a11938915f6a3b,KR70052D0006,0052D0,2026-07-01,2026-07-31,issuer:tiger:notice:20260713:midmonth,issuer_events_observed,pending,pending,blocked,2026-08-28T16:35:50+00:00,공식 운용사 공지에서 분배금 후보를 확보했으나 KIND·무분배·기업행동 검증 전이므로 TR 계산 차단.
window:e8c0d576dd69f838f6f4,KR70052D0006,0052D0,2026-08-01,2026-08-31,issuer:tiger:notice:20260812:midmonth,issuer_events_observed,pending,pending,blocked,2026-08-28T16:35:50+00:00,공식 운용사 공지에서 분배금 후보를 확보했으나 KIND·무분배·기업행동 검증 전이므로 TR 계산 차단.
window:8845ddca3cd9c68982ac,KR70065G0008,0065G0,2026-07-01,2026-07-31,issuer:kodex:notice:20260728:monthend,issuer_events_observed,pending,pending,blocked,2026-08-28T16:35:50+00:00,공식 운용사 공지에서 분배금 후보를 확보했으나 KIND·무분배·기업행동 검증 전이므로 TR 계산 차단.
window:9dac3181113f1c727509,KR70080G0009,0080G0,2026-07-01,2026-07-31,issuer:kodex:notice:20260728:monthend,issuer_events_observed,pending,pending,blocked,2026-08-28T16:35:50+00:00,공식 운용사 공지에서 분배금 후보를 확보했으나 KIND·무분배·기업행동 검증 전이므로 TR 계산 차단.
window:c4177ad68e2aeb0fc838,KR70082V0008,0082V0,2026-07-01,2026-07-31,issuer:kodex:notice:20260728:monthend,issuer_events_observed,pending,pending,blocked,2026-08-28T16:35:50+00:00,공식 운용사 공지에서 분배금 후보를 확보했으나 KIND·무분배·기업행동 검증 전이므로 TR 계산 차단.
window:df3ae00b4a78982d928b,KR70086B0008,0086B0,2026-06-01,2026-06-30,issuer:tiger:notice:20260611:midmonth,issuer_events_observed,pending,pending,blocked,2026-08-28T16:35:50+00:00,공식 운용사 공지에서 분배금 후보를 확보했으나 KIND·무분배·기업행동 검증 전이므로 TR 계산 차단.
window:29b58263f63bcaf4612b,KR70086B0008,0086B0,2026-07-01,2026-07-31,issuer:tiger:notice:20260713:midmonth,issuer_events_observed,pending,pending,blocked,2026-08-28T16:35:50+00:00,공식 운용사 공지에서 분배금 후보를 확보했으나 KIND·무분배·기업행동 검증 전이므로 TR 계산 차단.
window:a0bb50cd6c0cc8126c51,KR70086B0008,0086B0,2026-08-01,2026-08-31,issuer:tiger:notice:20260812:midmonth,issuer_events_observed,pending,pending,blocked,2026-08-28T16:35:50+00:00,공식 운용사 공지에서 분배금 후보를 확보했으나 KIND·무분배·기업행동 검증 전이므로 TR 계산 차단.
window:7820c6bedcb20aa90e23,KR70086C0007,0086C0,2026-06-01,2026-06-30,issuer:tiger:notice:20260611:midmonth,issuer_events_observed,pending,pending,blocked,2026-08-28T16:35:50+00:00,공식 운용사 공지에서 분배금 후보를 확보했으나 KIND·무분배·기업행동 검증 전이므로 TR 계산 차단.
window:10a8bd8025891832e323,KR70086C0007,0086C0,2026-07-01,2026-07-31,issuer:tiger:notice:20260713:midmonth,issuer_events_observed,pending,pending,blocked,2026-08-28T16:35:50+00:00,공식 운용사 공지에서 분배금 후보를 확보했으나 KIND·무분배·기업행동 검증 전이므로 TR 계산 차단.
window:9d1bf8a5dd033069e5d7,KR70086C0007,0086C0,2026-08-01,2026-08-31,issuer:tiger:notice:20260812:midmonth,issuer_events_observed,pending,pending,blocked,2026-08-28T16:35:50+00:00,공식 운용사 공지에서 분배금 후보를 확보했으나 KIND·무분배·기업행동 검증 전이므로 TR 계산 차단.
window:cae6768b535e8e49094f,KR70089C0004,0089C0,2026-07-01,2026-07-31,issuer:kodex:notice:20260728:monthend,issuer_events_observed,pending,pending,blocked,2026-08-28T16:35:50+00:00,공식 운용사 공지에서 분배금 후보를 확보했으나 KIND·무분배·기업행동 검증 전이므로 TR 계산 차단.
window:590d9e4f503bd18dacc2,KR70094L0006,0094L0,2026-07-01,2026-07-31,issuer:rise:notice:20260728:monthend,issuer_events_observed,pending,pending,blocked,2026-08-28T16:35:50+00:00,공식 운용사 공지에서 분배금 후보를 확보했으나 KIND·무분배·기업행동 검증 전이므로 TR 계산 차단.
window:145c8800d0c7a2a2bc2c,KR70104N0002,0104N0,2026-06-01,2026-06-30,issuer:tiger:notice:20260611:midmonth,issuer_events_observed,pending,pending,blocked,2026-08-28T16:35:50+00:00,공식 운용사 공지에서 분배금 후보를 확보했으나 KIND·무분배·기업행동 검증 전이므로 TR 계산 차단.
window:819a93725d3ee2756474,KR70104N0002,0104N0,2026-07-01,2026-07-31,issuer:tiger:notice:20260713:midmonth,issuer_events_observed,pending,pending,blocked,2026-08-28T16:35:50+00:00,공식 운용사 공지에서 분배금 후보를 확보했으나 KIND·무분배·기업행동 검증 전이므로 TR 계산 차단.
window:f92440442a85e78f967e,KR70104N0002,0104N0,2026-08-01,2026-08-31,issuer:tiger:notice:20260812:midmonth,issuer_events_observed,pending,pending,blocked,2026-08-28T16:35:50+00:00,공식 운용사 공지에서 분배금 후보를 확보했으나 KIND·무분배·기업행동 검증 전이므로 TR 계산 차단.
window:41aa0921ac98d46ce626,KR70104P0000,0104P0,2026-05-01,2026-05-31,issuer:tiger:notice:20260527:monthend,issuer_events_observed,pending,pending,blocked,2026-08-28T16:35:50+00:00,공식 운용사 공지에서 분배금 후보를 확보했으나 KIND·무분배·기업행동 검증 전이므로 TR 계산 차단.
window:4da894eccc3a21399b60,KR70104P0000,0104P0,2026-06-01,2026-06-30,issuer:tiger:notice:20260626:monthend,issuer_events_observed,pending,pending,blocked,2026-08-28T16:35:50+00:00,공식 운용사 공지에서 분배금 후보를 확보했으나 KIND·무분배·기업행동 검증 전이므로 TR 계산 차단.
window:787a88ad685dbdb7e6ef,KR70115E0000,0115E0,2026-07-01,2026-07-31,issuer:kodex:notice:20260728:monthend,issuer_events_observed,pending,pending,blocked,2026-08-28T16:35:50+00:00,공식 운용사 공지에서 분배금 후보를 확보했으나 KIND·무분배·기업행동 검증 전이므로 TR 계산 차단.
window:457e4dc60cc38015ff4d,KR70127R0001,0127R0,2026-07-01,2026-07-31,issuer:rise:notice:20260728:monthend,issuer_events_observed,pending,pending,blocked,2026-08-28T16:35:50+00:00,공식 운용사 공지에서 분배금 후보를 확보했으나 KIND·무분배·기업행동 검증 전이므로 TR 계산 차단.
window:8af72b66dde92f590ceb,KR70132H0006,0132H0,2026-07-01,2026-07-31,issuer:kodex:notice:20260728:monthend,issuer_events_observed,pending,pending,blocked,2026-08-28T16:35:50+00:00,공식 운용사 공지에서 분배금 후보를 확보했으나 KIND·무분배·기업행동 검증 전이므로 TR 계산 차단.
window:44f53bcd4bb50b4b9530,KR70144L0006,0144L0,2026-07-01,2026-07-31,issuer:kodex:notice:20260728:monthend,issuer_events_observed,pending,pending,blocked,2026-08-28T16:35:50+00:00,공식 운용사 공지에서 분배금 후보를 확보했으나 KIND·무분배·기업행동 검증 전이므로 TR 계산 차단.
window:979b73a53630d3b6cf18,KR70144M0005,0144M0,2026-07-01,2026-07-31,issuer:kodex:notice:20260728:monthend,issuer_events_observed,pending,pending,blocked,2026-08-28T16:35:50+00:00,공식 운용사 공지에서 분배금 후보를 확보했으나 KIND·무분배·기업행동 검증 전이므로 TR 계산 차단.
window:1e51dd5249d8e614bfaf,KR70151P0002,0151P0,2026-07-01,2026-07-31,issuer:rise:notice:20260728:monthend,issuer_events_observed,pending,pending,blocked,2026-08-28T16:35:50+00:00,공식 운용사 공지에서 분배금 후보를 확보했으나 KIND·무분배·기업행동 검증 전이므로 TR 계산 차단.
window:85d90bac926812785667,KR70151S0009,0151S0,2026-07-01,2026-07-31,issuer:kodex:notice:20260728:monthend,issuer_events_observed,pending,pending,blocked,2026-08-28T16:35:50+00:00,공식 운용사 공지에서 분배금 후보를 확보했으나 KIND·무분배·기업행동 검증 전이므로 TR 계산 차단.
window:8433944ec95a7b788296,KR70162L0003,0162L0,2026-07-01,2026-07-31,issuer:kodex:notice:20260728:monthend,issuer_events_observed,pending,pending,blocked,2026-08-28T16:35:50+00:00,공식 운용사 공지에서 분배금 후보를 확보했으나 KIND·무분배·기업행동 검증 전이므로 TR 계산 차단.
window:a26f2090ae670a571c5c,KR70162Z0007,0162Z0,2026-07-01,2026-07-31,issuer:rise:notice:20260728:monthend,issuer_events_observed,pending,pending,blocked,2026-08-28T16:35:50+00:00,공식 운용사 공지에서 분배금 후보를 확보했으나 KIND·무분배·기업행동 검증 전이므로 TR 계산 차단.
window:9df2cf84c9292df9e95a,KR70167Z0002,0167Z0,2026-07-01,2026-07-31,issuer:kodex:notice:20260728:monthend,issuer_events_observed,pending,pending,blocked,2026-08-28T16:35:50+00:00,공식 운용사 공지에서 분배금 후보를 확보했으나 KIND·무분배·기업행동 검증 전이므로 TR 계산 차단.
window:39bd6301200292f1fd2b,KR70173Y0005,0173Y0,2026-07-01,2026-07-31,issuer:kodex:notice:20260728:monthend,issuer_events_observed,pending,pending,blocked,2026-08-28T16:35:50+00:00,공식 운용사 공지에서 분배금 후보를 확보했으나 KIND·무분배·기업행동 검증 전이므로 TR 계산 차단.
window:bd5c94131a2a1a064b66,KR70177R0000,0177R0,2026-06-01,2026-06-30,issuer:tiger:notice:20260611:midmonth,issuer_events_observed,pending,pending,blocked,2026-08-28T16:35:50+00:00,공식 운용사 공지에서 분배금 후보를 확보했으나 KIND·무분배·기업행동 검증 전이므로 TR 계산 차단.
window:c1c97554871aaf5a297e,KR70177R0000,0177R0,2026-07-01,2026-07-31,issuer:tiger:notice:20260713:midmonth,issuer_events_observed,pending,pending,blocked,2026-08-28T16:35:50+00:00,공식 운용사 공지에서 분배금 후보를 확보했으나 KIND·무분배·기업행동 검증 전이므로 TR 계산 차단.
window:2ff90995c01799bf12e6,KR70177R0000,0177R0,2026-08-01,2026-08-31,issuer:tiger:notice:20260812:midmonth,issuer_events_observed,pending,pending,blocked,2026-08-28T16:35:50+00:00,공식 운용사 공지에서 분배금 후보를 확보했으나 KIND·무분배·기업행동 검증 전이므로 TR 계산 차단.
window:da37609e2285b2c7288a,KR70190G0006,0190G0,2026-07-01,2026-07-31,issuer:kodex:notice:20260728:monthend,issuer_events_observed,pending,pending,blocked,2026-08-28T16:35:50+00:00,공식 운용사 공지에서 분배금 후보를 확보했으나 KIND·무분배·기업행동 검증 전이므로 TR 계산 차단.
window:59a762d29311d5b56c11,KR70219E0005,0219E0,2026-07-01,2026-07-31,issuer:kodex:notice:20260728:monthend,issuer_events_observed,pending,pending,blocked,2026-08-28T16:35:50+00:00,공식 운용사 공지에서 분배금 후보를 확보했으나 KIND·무분배·기업행동 검증 전이므로 TR 계산 차단.
window:1b14d019360cdb693d06,KR7069500007,069500,2026-07-01,2026-07-31,issuer:kodex:notice:20260728:monthend,issuer_events_observed,pending,pending,blocked,2026-08-28T16:35:50+00:00,공식 운용사 공지에서 분배금 후보를 확보했으나 KIND·무분배·기업행동 검증 전이므로 TR 계산 차단.
window:df8d84476e9b0c1a0a61,KR7091170001,091170,2026-07-01,2026-07-31,issuer:kodex:notice:20260728:monthend,issuer_events_observed,pending,pending,blocked,2026-08-28T16:35:50+00:00,공식 운용사 공지에서 분배금 후보를 확보했으나 KIND·무분배·기업행동 검증 전이므로 TR 계산 차단.
window:aa87c72212d5496fe79c,KR7091180000,091180,2026-07-01,2026-07-31,issuer:kodex:notice:20260728:monthend,issuer_events_observed,pending,pending,blocked,2026-08-28T16:35:50+00:00,공식 운용사 공지에서 분배금 후보를 확보했으나 KIND·무분배·기업행동 검증 전이므로 TR 계산 차단.
window:59534cadf32df0c774a3,KR7099140006,099140,2026-07-01,2026-07-31,issuer:kodex:notice:20260728:monthend,issuer_events_observed,pending,pending,blocked,2026-08-28T16:35:50+00:00,공식 운용사 공지에서 분배금 후보를 확보했으나 KIND·무분배·기업행동 검증 전이므로 TR 계산 차단.
window:26f91fd1c3def1869232,KR7101280006,101280,2026-07-01,2026-07-31,issuer:kodex:notice:20260728:monthend,issuer_events_observed,pending,pending,blocked,2026-08-28T16:35:50+00:00,공식 운용사 공지에서 분배금 후보를 확보했으나 KIND·무분배·기업행동 검증 전이므로 TR 계산 차단.
window:c6318faa17da83ecae03,KR7102970001,102970,2026-07-01,2026-07-31,issuer:kodex:notice:20260728:monthend,issuer_events_observed,pending,pending,blocked,2026-08-28T16:35:50+00:00,공식 운용사 공지에서 분배금 후보를 확보했으나 KIND·무분배·기업행동 검증 전이므로 TR 계산 차단.
window:d854640ff336eeb62cb7,KR7117460006,117460,2026-07-01,2026-07-31,issuer:kodex:notice:20260728:monthend,issuer_events_observed,pending,pending,blocked,2026-08-28T16:35:50+00:00,공식 운용사 공지에서 분배금 후보를 확보했으나 KIND·무분배·기업행동 검증 전이므로 TR 계산 차단.
window:81c15afaf0f2d5c3b559,KR7117680009,117680,2026-07-01,2026-07-31,issuer:kodex:notice:20260728:monthend,issuer_events_observed,pending,pending,blocked,2026-08-28T16:35:50+00:00,공식 운용사 공지에서 분배금 후보를 확보했으나 KIND·무분배·기업행동 검증 전이므로 TR 계산 차단.
window:d75e45d9d1ea8e53e7e6,KR7117700005,117700,2026-07-01,2026-07-31,issuer:kodex:notice:20260728:monthend,issuer_events_observed,pending,pending,blocked,2026-08-28T16:35:50+00:00,공식 운용사 공지에서 분배금 후보를 확보했으나 KIND·무분배·기업행동 검증 전이므로 TR 계산 차단.
window:f5eed987d04dc6bcd143,KR7136340007,136340,2026-07-01,2026-07-31,issuer:rise:notice:20260728:monthend,issuer_events_observed,pending,pending,blocked,2026-08-28T16:35:50+00:00,공식 운용사 공지에서 분배금 후보를 확보했으나 KIND·무분배·기업행동 검증 전이므로 TR 계산 차단.
window:57796c37092dbc42993b,KR7140700006,140700,2026-07-01,2026-07-31,issuer:kodex:notice:20260728:monthend,issuer_events_observed,pending,pending,blocked,2026-08-28T16:35:50+00:00,공식 운용사 공지에서 분배금 후보를 확보했으나 KIND·무분배·기업행동 검증 전이므로 TR 계산 차단.
window:a3856aaab7e0c4031cea,KR7140710005,140710,2026-07-01,2026-07-31,issuer:kodex:notice:20260728:monthend,issuer_events_observed,pending,pending,blocked,2026-08-28T16:35:50+00:00,공식 운용사 공지에서 분배금 후보를 확보했으나 KIND·무분배·기업행동 검증 전이므로 TR 계산 차단.
window:d88b8ac23cfd0ccacbd0,KR7148020001,148020,2026-07-01,2026-07-31,issuer:rise:notice:20260728:monthend,issuer_events_observed,pending,pending,blocked,2026-08-28T16:35:50+00:00,공식 운용사 공지에서 분배금 후보를 확보했으나 KIND·무분배·기업행동 검증 전이므로 TR 계산 차단.
window:6f173ad3b34c97aa4df3,KR7156080004,156080,2026-07-01,2026-07-31,issuer:kodex:notice:20260728:monthend,issuer_events_observed,pending,pending,blocked,2026-08-28T16:35:50+00:00,공식 운용사 공지에서 분배금 후보를 확보했으나 KIND·무분배·기업행동 검증 전이므로 TR 계산 차단.
window:1aea4b802b21aab005d9,KR7166400002,166400,2026-05-01,2026-05-31,issuer:tiger:notice:20260527:monthend,issuer_events_observed,pending,pending,blocked,2026-08-28T16:35:50+00:00,공식 운용사 공지에서 분배금 후보를 확보했으나 KIND·무분배·기업행동 검증 전이므로 TR 계산 차단.
window:1a64a9862787170c492d,KR7166400002,166400,2026-06-01,2026-06-30,issuer:tiger:notice:20260626:monthend,issuer_events_observed,pending,pending,blocked,2026-08-28T16:35:50+00:00,공식 운용사 공지에서 분배금 후보를 확보했으나 KIND·무분배·기업행동 검증 전이므로 TR 계산 차단.
window:ec29fbc672eb743810b2,KR7182480004,182480,2026-05-01,2026-05-31,issuer:tiger:notice:20260527:monthend,issuer_events_observed,pending,pending,blocked,2026-08-28T16:35:50+00:00,공식 운용사 공지에서 분배금 후보를 확보했으나 KIND·무분배·기업행동 검증 전이므로 TR 계산 차단.
window:f46938db102680c0cb77,KR7182480004,182480,2026-06-01,2026-06-30,issuer:tiger:notice:20260626:monthend,issuer_events_observed,pending,pending,blocked,2026-08-28T16:35:50+00:00,공식 운용사 공지에서 분배금 후보를 확보했으나 KIND·무분배·기업행동 검증 전이므로 TR 계산 차단.
window:39e7044c0500c4585048,KR7211900006,211900,2026-07-01,2026-07-31,issuer:kodex:notice:20260728:monthend,issuer_events_observed,pending,pending,blocked,2026-08-28T16:35:50+00:00,공식 운용사 공지에서 분배금 후보를 확보했으나 KIND·무분배·기업행동 검증 전이므로 TR 계산 차단.
window:8221ce6605868e161768,KR7213610009,213610,2026-07-01,2026-07-31,issuer:kodex:notice:20260728:monthend,issuer_events_observed,pending,pending,blocked,2026-08-28T16:35:50+00:00,공식 운용사 공지에서 분배금 후보를 확보했으나 KIND·무분배·기업행동 검증 전이므로 TR 계산 차단.
window:15f9212d6181ef1274fb,KR7223190000,223190,2026-07-01,2026-07-31,issuer:kodex:notice:20260728:monthend,issuer_events_observed,pending,pending,blocked,2026-08-28T16:35:50+00:00,공식 운용사 공지에서 분배금 후보를 확보했으나 KIND·무분배·기업행동 검증 전이므로 TR 계산 차단.
window:bb40639f44992d443147,KR7226490001,226490,2026-07-01,2026-07-31,issuer:kodex:notice:20260728:monthend,issuer_events_observed,pending,pending,blocked,2026-08-28T16:35:50+00:00,공식 운용사 공지에서 분배금 후보를 확보했으나 KIND·무분배·기업행동 검증 전이므로 TR 계산 차단.
window:07ecc4d78b42a473ca98,KR7226980001,226980,2026-07-01,2026-07-31,issuer:kodex:notice:20260728:monthend,issuer_events_observed,pending,pending,blocked,2026-08-28T16:35:50+00:00,공식 운용사 공지에서 분배금 후보를 확보했으나 KIND·무분배·기업행동 검증 전이므로 TR 계산 차단.
window:6166bc287d7dd7f4dcc5,KR7229720008,229720,2026-07-01,2026-07-31,issuer:kodex:notice:20260728:monthend,issuer_events_observed,pending,pending,blocked,2026-08-28T16:35:50+00:00,공식 운용사 공지에서 분배금 후보를 확보했으나 KIND·무분배·기업행동 검증 전이므로 TR 계산 차단.
window:a0b862178b5d3c5a19a5,KR7237350004,237350,2026-07-01,2026-07-31,issuer:kodex:notice:20260728:monthend,issuer_events_observed,pending,pending,blocked,2026-08-28T16:35:50+00:00,공식 운용사 공지에서 분배금 후보를 확보했으나 KIND·무분배·기업행동 검증 전이므로 TR 계산 차단.
window:f056ce9252d89ef97358,KR7244660007,244660,2026-07-01,2026-07-31,issuer:kodex:notice:20260728:monthend,issuer_events_observed,pending,pending,blocked,2026-08-28T16:35:50+00:00,공식 운용사 공지에서 분배금 후보를 확보했으나 KIND·무분배·기업행동 검증 전이므로 TR 계산 차단.
window:381c729c09359ce445de,KR7244670006,244670,2026-07-01,2026-07-31,issuer:kodex:notice:20260728:monthend,issuer_events_observed,pending,pending,blocked,2026-08-28T16:35:50+00:00,공식 운용사 공지에서 분배금 후보를 확보했으나 KIND·무분배·기업행동 검증 전이므로 TR 계산 차단.
window:47dfbdfc7d29913657b7,KR7245340005,245340,2026-05-01,2026-05-31,issuer:tiger:notice:20260527:monthend,issuer_events_observed,pending,pending,blocked,2026-08-28T16:35:50+00:00,공식 운용사 공지에서 분배금 후보를 확보했으나 KIND·무분배·기업행동 검증 전이므로 TR 계산 차단.
window:0590de190ac92a28c14f,KR7245340005,245340,2026-06-01,2026-06-30,issuer:tiger:notice:20260626:monthend,issuer_events_observed,pending,pending,blocked,2026-08-28T16:35:50+00:00,공식 운용사 공지에서 분배금 후보를 확보했으나 KIND·무분배·기업행동 검증 전이므로 TR 계산 차단.
window:637d15b25c0374f8cacc,KR7251350005,251350,2026-07-01,2026-07-31,issuer:kodex:notice:20260728:monthend,issuer_events_observed,pending,pending,blocked,2026-08-28T16:35:50+00:00,공식 운용사 공지에서 분배금 후보를 확보했으나 KIND·무분배·기업행동 검증 전이므로 TR 계산 차단.
window:f90f2f146fe21cac9c60,KR7252650007,252650,2026-07-01,2026-07-31,issuer:kodex:notice:20260728:monthend,issuer_events_observed,pending,pending,blocked,2026-08-28T16:35:50+00:00,공식 운용사 공지에서 분배금 후보를 확보했으나 KIND·무분배·기업행동 검증 전이므로 TR 계산 차단.
window:7d20d22a6c7b8f781e03,KR7266160001,266160,2026-07-01,2026-07-31,issuer:rise:notice:20260728:monthend,issuer_events_observed,pending,pending,blocked,2026-08-28T16:35:50+00:00,공식 운용사 공지에서 분배금 후보를 확보했으나 KIND·무분배·기업행동 검증 전이므로 TR 계산 차단.
window:cc128dda85806e9240bf,KR7266390004,266390,2026-07-01,2026-07-31,issuer:kodex:notice:20260728:monthend,issuer_events_observed,pending,pending,blocked,2026-08-28T16:35:50+00:00,공식 운용사 공지에서 분배금 후보를 확보했으나 KIND·무분배·기업행동 검증 전이므로 TR 계산 차단.
window:22c60b3497f971b46f11,KR7266410000,266410,2026-07-01,2026-07-31,issuer:kodex:notice:20260728:monthend,issuer_events_observed,pending,pending,blocked,2026-08-28T16:35:50+00:00,공식 운용사 공지에서 분배금 후보를 확보했으나 KIND·무분배·기업행동 검증 전이므로 TR 계산 차단.
window:9bad9c06c2b019f318d9,KR7270800006,270800,2026-07-01,2026-07-31,issuer:rise:notice:20260728:monthend,issuer_events_observed,pending,pending,blocked,2026-08-28T16:35:50+00:00,공식 운용사 공지에서 분배금 후보를 확보했으나 KIND·무분배·기업행동 검증 전이므로 TR 계산 차단.
window:dc15156b20b40abe613d,KR7275280006,275280,2026-07-01,2026-07-31,issuer:kodex:notice:20260728:monthend,issuer_events_observed,pending,pending,blocked,2026-08-28T16:35:50+00:00,공식 운용사 공지에서 분배금 후보를 확보했으나 KIND·무분배·기업행동 검증 전이므로 TR 계산 차단.
window:bc68c44a4b09e816f743,KR7275290005,275290,2026-07-01,2026-07-31,issuer:kodex:notice:20260728:monthend,issuer_events_observed,pending,pending,blocked,2026-08-28T16:35:50+00:00,공식 운용사 공지에서 분배금 후보를 확보했으나 KIND·무분배·기업행동 검증 전이므로 TR 계산 차단.
window:97d347b91b3f67b315a0,KR7275300002,275300,2026-07-01,2026-07-31,issuer:kodex:notice:20260728:monthend,issuer_events_observed,pending,pending,blocked,2026-08-28T16:35:50+00:00,공식 운용사 공지에서 분배금 후보를 확보했으나 KIND·무분배·기업행동 검증 전이므로 TR 계산 차단.
window:2a725669d757d95e5135,KR7279530000,279530,2026-07-01,2026-07-31,issuer:kodex:notice:20260728:monthend,issuer_events_observed,pending,pending,blocked,2026-08-28T16:35:50+00:00,공식 운용사 공지에서 분배금 후보를 확보했으나 KIND·무분배·기업행동 검증 전이므로 TR 계산 차단.
window:a98b7bc66387131dd18d,KR7279540009,279540,2026-07-01,2026-07-31,issuer:kodex:notice:20260728:monthend,issuer_events_observed,pending,pending,blocked,2026-08-28T16:35:50+00:00,공식 운용사 공지에서 분배금 후보를 확보했으나 KIND·무분배·기업행동 검증 전이므로 TR 계산 차단.
window:cb247560ae062a5743ed,KR7281990002,281990,2026-07-01,2026-07-31,issuer:rise:notice:20260728:monthend,issuer_events_observed,pending,pending,blocked,2026-08-28T16:35:50+00:00,공식 운용사 공지에서 분배금 후보를 확보했으나 KIND·무분배·기업행동 검증 전이므로 TR 계산 차단.
window:6ed65fdba88f07a43941,KR7283580009,283580,2026-07-01,2026-07-31,issuer:kodex:notice:20260728:monthend,issuer_events_observed,pending,pending,blocked,2026-08-28T16:35:50+00:00,공식 운용사 공지에서 분배금 후보를 확보했으나 KIND·무분배·기업행동 검증 전이므로 TR 계산 차단.
window:5678d0357cb8be5da4f3,KR7284980000,284980,2026-07-01,2026-07-31,issuer:rise:notice:20260728:monthend,issuer_events_observed,pending,pending,blocked,2026-08-28T16:35:50+00:00,공식 운용사 공지에서 분배금 후보를 확보했으나 KIND·무분배·기업행동 검증 전이므로 TR 계산 차단.
window:8cd79eb7454c68f94620,KR7289040008,289040,2026-07-01,2026-07-31,issuer:kodex:notice:20260728:monthend,issuer_events_observed,pending,pending,blocked,2026-08-28T16:35:50+00:00,공식 운용사 공지에서 분배금 후보를 확보했으나 KIND·무분배·기업행동 검증 전이므로 TR 계산 차단.
window:66897377aaffc9fe5e3a,KR7289480006,289480,2026-05-01,2026-05-31,issuer:tiger:notice:20260527:monthend,issuer_events_observed,pending,pending,blocked,2026-08-28T16:35:50+00:00,공식 운용사 공지에서 분배금 후보를 확보했으나 KIND·무분배·기업행동 검증 전이므로 TR 계산 차단.
window:9d48ba6a5682c73ec62f,KR7289480006,289480,2026-06-01,2026-06-30,issuer:tiger:notice:20260626:monthend,issuer_events_observed,pending,pending,blocked,2026-08-28T16:35:50+00:00,공식 운용사 공지에서 분배금 후보를 확보했으나 KIND·무분배·기업행동 검증 전이므로 TR 계산 차단.
window:a7116ec2c699392a0f01,KR7290080001,290080,2026-07-01,2026-07-31,issuer:rise:notice:20260728:monthend,issuer_events_observed,pending,pending,blocked,2026-08-28T16:35:50+00:00,공식 운용사 공지에서 분배금 후보를 확보했으나 KIND·무분배·기업행동 검증 전이므로 TR 계산 차단.
window:c9e1820f4c7a9bbfdb97,KR7292190006,292190,2026-07-01,2026-07-31,issuer:kodex:notice:20260728:monthend,issuer_events_observed,pending,pending,blocked,2026-08-28T16:35:50+00:00,공식 운용사 공지에서 분배금 후보를 확보했으나 KIND·무분배·기업행동 검증 전이므로 TR 계산 차단.
window:00f75575a6ad71f7ae84,KR7298770009,298770,2026-07-01,2026-07-31,issuer:kodex:notice:20260728:monthend,issuer_events_observed,pending,pending,blocked,2026-08-28T16:35:50+00:00,공식 운용사 공지에서 분배금 후보를 확보했으나 KIND·무분배·기업행동 검증 전이므로 TR 계산 차단.
window:1399ac5481152fca8380,KR7302450002,302450,2026-07-01,2026-07-31,issuer:rise:notice:20260728:monthend,issuer_events_observed,pending,pending,blocked,2026-08-28T16:35:50+00:00,공식 운용사 공지에서 분배금 후보를 확보했으나 KIND·무분배·기업행동 검증 전이므로 TR 계산 차단.
window:3575ed2bf011e4445b5d,KR7314250002,314250,2026-07-01,2026-07-31,issuer:kodex:notice:20260728:monthend,issuer_events_observed,pending,pending,blocked,2026-08-28T16:35:50+00:00,공식 운용사 공지에서 분배금 후보를 확보했으나 KIND·무분배·기업행동 검증 전이므로 TR 계산 차단.
window:62d3eded5939805b883a,KR7321410003,321410,2026-07-01,2026-07-31,issuer:kodex:notice:20260728:monthend,issuer_events_observed,pending,pending,blocked,2026-08-28T16:35:50+00:00,공식 운용사 공지에서 분배금 후보를 확보했으나 KIND·무분배·기업행동 검증 전이므로 TR 계산 차단.
window:118ed058105866b5e580,KR7325010007,325010,2026-07-01,2026-07-31,issuer:kodex:notice:20260728:monthend,issuer_events_observed,pending,pending,blocked,2026-08-28T16:35:50+00:00,공식 운용사 공지에서 분배금 후보를 확보했으나 KIND·무분배·기업행동 검증 전이므로 TR 계산 차단.
window:a1073d657b53fd721512,KR7325020006,325020,2026-07-01,2026-07-31,issuer:kodex:notice:20260728:monthend,issuer_events_observed,pending,pending,blocked,2026-08-28T16:35:50+00:00,공식 운용사 공지에서 분배금 후보를 확보했으나 KIND·무분배·기업행동 검증 전이므로 TR 계산 차단.
window:bc53b64e2c570e3f923a,KR7329200000,329200,2026-05-01,2026-05-31,issuer:tiger:notice:20260527:monthend,issuer_events_observed,pending,pending,blocked,2026-08-28T16:35:50+00:00,공식 운용사 공지에서 분배금 후보를 확보했으나 KIND·무분배·기업행동 검증 전이므로 TR 계산 차단.
window:76eda3eac4ea7905a6ed,KR7329200000,329200,2026-06-01,2026-06-30,issuer:tiger:notice:20260626:monthend,issuer_events_observed,pending,pending,blocked,2026-08-28T16:35:50+00:00,공식 운용사 공지에서 분배금 후보를 확보했으나 KIND·무분배·기업행동 검증 전이므로 TR 계산 차단.
window:3166b3e1950f11a34742,KR7336160007,336160,2026-07-01,2026-07-31,issuer:rise:notice:20260728:monthend,issuer_events_observed,pending,pending,blocked,2026-08-28T16:35:50+00:00,공식 운용사 공지에서 분배금 후보를 확보했으나 KIND·무분배·기업행동 검증 전이므로 TR 계산 차단.
window:ad6ed875c261e7176c6a,KR7337120000,337120,2026-07-01,2026-07-31,issuer:kodex:notice:20260728:monthend,issuer_events_observed,pending,pending,blocked,2026-08-28T16:35:50+00:00,공식 운용사 공지에서 분배금 후보를 확보했으나 KIND·무분배·기업행동 검증 전이므로 TR 계산 차단.
window:c3b0848046aad905e8a3,KR7337140008,337140,2026-07-01,2026-07-31,issuer:kodex:notice:20260728:monthend,issuer_events_observed,pending,pending,blocked,2026-08-28T16:35:50+00:00,공식 운용사 공지에서 분배금 후보를 확보했으나 KIND·무분배·기업행동 검증 전이므로 TR 계산 차단.
window:13a4a735f2a17f4c8eb5,KR7337150007,337150,2026-07-01,2026-07-31,issuer:kodex:notice:20260728:monthend,issuer_events_observed,pending,pending,blocked,2026-08-28T16:35:50+00:00,공식 운용사 공지에서 분배금 후보를 확보했으나 KIND·무분배·기업행동 검증 전이므로 TR 계산 차단.
window:0b92141e6125c52b3f26,KR7337160006,337160,2026-07-01,2026-07-31,issuer:kodex:notice:20260728:monthend,issuer_events_observed,pending,pending,blocked,2026-08-28T16:35:50+00:00,공식 운용사 공지에서 분배금 후보를 확보했으나 KIND·무분배·기업행동 검증 전이므로 TR 계산 차단.
window:b82f05270611a8450c0c,KR7341850006,341850,2026-05-01,2026-05-31,issuer:tiger:notice:20260527:monthend,issuer_events_observed,pending,pending,blocked,2026-08-28T16:35:50+00:00,공식 운용사 공지에서 분배금 후보를 확보했으나 KIND·무분배·기업행동 검증 전이므로 TR 계산 차단.
window:cd0c76b43d7bee444eb0,KR7341850006,341850,2026-06-01,2026-06-30,issuer:tiger:notice:20260626:monthend,issuer_events_observed,pending,pending,blocked,2026-08-28T16:35:50+00:00,공식 운용사 공지에서 분배금 후보를 확보했으나 KIND·무분배·기업행동 검증 전이므로 TR 계산 차단.
window:fe7834c6c834764a0de8,KR7352540009,352540,2026-07-01,2026-07-31,issuer:kodex:notice:20260728:monthend,issuer_events_observed,pending,pending,blocked,2026-08-28T16:35:50+00:00,공식 운용사 공지에서 분배금 후보를 확보했으나 KIND·무분배·기업행동 검증 전이므로 TR 계산 차단.
window:456f30c8ffd40d8011df,KR7352560007,352560,2026-07-01,2026-07-31,issuer:kodex:notice:20260728:monthend,issuer_events_observed,pending,pending,blocked,2026-08-28T16:35:50+00:00,공식 운용사 공지에서 분배금 후보를 확보했으나 KIND·무분배·기업행동 검증 전이므로 TR 계산 차단.
window:1fcab6cd4b07e7811ffc,KR7364690008,364690,2026-07-01,2026-07-31,issuer:kodex:notice:20260728:monthend,issuer_events_observed,pending,pending,blocked,2026-08-28T16:35:50+00:00,공식 운용사 공지에서 분배금 후보를 확보했으나 KIND·무분배·기업행동 검증 전이므로 TR 계산 차단.
window:0b29998ddfb529fddb99,KR7368680005,368680,2026-07-01,2026-07-31,issuer:kodex:notice:20260728:monthend,issuer_events_observed,pending,pending,blocked,2026-08-28T16:35:50+00:00,공식 운용사 공지에서 분배금 후보를 확보했으나 KIND·무분배·기업행동 검증 전이므로 TR 계산 차단.
window:2b3dd94c58b593b90bb9,KR7371150004,371150,2026-07-01,2026-07-31,issuer:rise:notice:20260728:monthend,issuer_events_observed,pending,pending,blocked,2026-08-28T16:35:50+00:00,공식 운용사 공지에서 분배금 후보를 확보했으나 KIND·무분배·기업행동 검증 전이므로 TR 계산 차단.
window:be61b09c22256375ee05,KR7372330001,372330,2026-07-01,2026-07-31,issuer:kodex:notice:20260728:monthend,issuer_events_observed,pending,pending,blocked,2026-08-28T16:35:50+00:00,공식 운용사 공지에서 분배금 후보를 확보했으나 KIND·무분배·기업행동 검증 전이므로 TR 계산 차단.
window:7e6535dca340bc679ad5,KR7375770005,375770,2026-07-01,2026-07-31,issuer:kodex:notice:20260728:monthend,issuer_events_observed,pending,pending,blocked,2026-08-28T16:35:50+00:00,공식 운용사 공지에서 분배금 후보를 확보했으나 KIND·무분배·기업행동 검증 전이므로 TR 계산 차단.
window:a1a211969f93d6c8822f,KR7379790009,379790,2026-07-01,2026-07-31,issuer:rise:notice:20260728:monthend,issuer_events_observed,pending,pending,blocked,2026-08-28T16:35:50+00:00,공식 운용사 공지에서 분배금 후보를 확보했으나 KIND·무분배·기업행동 검증 전이므로 TR 계산 차단.
window:18d5b6bdcda44ef0343b,KR7379800006,379800,2026-07-01,2026-07-31,issuer:kodex:notice:20260728:monthend,issuer_events_observed,pending,pending,blocked,2026-08-28T16:35:50+00:00,공식 운용사 공지에서 분배금 후보를 확보했으나 KIND·무분배·기업행동 검증 전이므로 TR 계산 차단.
window:992e82970de451022f8e,KR7379810005,379810,2026-07-01,2026-07-31,issuer:kodex:notice:20260728:monthend,issuer_events_observed,pending,pending,blocked,2026-08-28T16:35:50+00:00,공식 운용사 공지에서 분배금 후보를 확보했으나 KIND·무분배·기업행동 검증 전이므로 TR 계산 차단.
window:8a070a696e26c84e6630,KR7388420002,388420,2026-07-01,2026-07-31,issuer:rise:notice:20260728:monthend,issuer_events_observed,pending,pending,blocked,2026-08-28T16:35:50+00:00,공식 운용사 공지에서 분배금 후보를 확보했으나 KIND·무분배·기업행동 검증 전이므로 TR 계산 차단.
window:04e558797b60a1b7e071,KR7390390003,390390,2026-07-01,2026-07-31,issuer:kodex:notice:20260728:monthend,issuer_events_observed,pending,pending,blocked,2026-08-28T16:35:50+00:00,공식 운용사 공지에서 분배금 후보를 확보했으나 KIND·무분배·기업행동 검증 전이므로 TR 계산 차단.
window:87fbfa0db63154e203e9,KR7390400000,390400,2026-07-01,2026-07-31,issuer:kodex:notice:20260728:monthend,issuer_events_observed,pending,pending,blocked,2026-08-28T16:35:50+00:00,공식 운용사 공지에서 분배금 후보를 확보했으나 KIND·무분배·기업행동 검증 전이므로 TR 계산 차단.
window:8793c2c5b415e08ab3e6,KR7395170004,395170,2026-07-01,2026-07-31,issuer:kodex:notice:20260728:monthend,issuer_events_observed,pending,pending,blocked,2026-08-28T16:35:50+00:00,공식 운용사 공지에서 분배금 후보를 확보했으나 KIND·무분배·기업행동 검증 전이므로 TR 계산 차단.
window:713ef053e07d0cfb724c,KR7399580000,399580,2026-07-01,2026-07-31,issuer:rise:notice:20260728:monthend,issuer_events_observed,pending,pending,blocked,2026-08-28T16:35:50+00:00,공식 운용사 공지에서 분배금 후보를 확보했으나 KIND·무분배·기업행동 검증 전이므로 TR 계산 차단.
window:8276b36e95666b39731b,KR7404260002,404260,2026-07-01,2026-07-31,issuer:kodex:notice:20260728:monthend,issuer_events_observed,pending,pending,blocked,2026-08-28T16:35:50+00:00,공식 운용사 공지에서 분배금 후보를 확보했으나 KIND·무분배·기업행동 검증 전이므로 TR 계산 차단.
window:ee11cae738bd472bda1c,KR7411420003,411420,2026-07-01,2026-07-31,issuer:kodex:notice:20260728:monthend,issuer_events_observed,pending,pending,blocked,2026-08-28T16:35:50+00:00,공식 운용사 공지에서 분배금 후보를 확보했으나 KIND·무분배·기업행동 검증 전이므로 TR 계산 차단.
window:053c3704efeeb4e8cd08,KR7417450004,417450,2026-07-01,2026-07-31,issuer:rise:notice:20260728:monthend,issuer_events_observed,pending,pending,blocked,2026-08-28T16:35:50+00:00,공식 운용사 공지에서 분배금 후보를 확보했으나 KIND·무분배·기업행동 검증 전이므로 TR 계산 차단.
window:a056ae3b4054cbde18df,KR7419420005,419420,2026-07-01,2026-07-31,issuer:kodex:notice:20260728:monthend,issuer_events_observed,pending,pending,blocked,2026-08-28T16:35:50+00:00,공식 운용사 공지에서 분배금 후보를 확보했으나 KIND·무분배·기업행동 검증 전이므로 TR 계산 차단.
window:d079f2520720cdb4e0d3,KR7422420000,422420,2026-07-01,2026-07-31,issuer:rise:notice:20260728:monthend,issuer_events_observed,pending,pending,blocked,2026-08-28T16:35:50+00:00,공식 운용사 공지에서 분배금 후보를 확보했으나 KIND·무분배·기업행동 검증 전이므로 TR 계산 차단.
window:318df71d51c700e7563b,KR7423160001,423160,2026-07-01,2026-07-31,issuer:kodex:notice:20260728:monthend,issuer_events_observed,pending,pending,blocked,2026-08-28T16:35:50+00:00,공식 운용사 공지에서 분배금 후보를 확보했으나 KIND·무분배·기업행동 검증 전이므로 TR 계산 차단.
window:95680ddb6d7121c836ea,KR7428510002,428510,2026-07-01,2026-07-31,issuer:kodex:notice:20260728:monthend,issuer_events_observed,pending,pending,blocked,2026-08-28T16:35:50+00:00,공식 운용사 공지에서 분배금 후보를 확보했으나 KIND·무분배·기업행동 검증 전이므로 TR 계산 차단.
window:b2f0e3cfe215bdbe2724,KR7428560007,428560,2026-07-01,2026-07-31,issuer:kodex:notice:20260728:monthend,issuer_events_observed,pending,pending,blocked,2026-08-28T16:35:50+00:00,공식 운용사 공지에서 분배금 후보를 확보했으나 KIND·무분배·기업행동 검증 전이므로 TR 계산 차단.
window:a977d6d0f127ca97a9be,KR7429000003,429000,2026-05-01,2026-05-31,issuer:tiger:notice:20260527:monthend,issuer_events_observed,pending,pending,blocked,2026-08-28T16:35:50+00:00,공식 운용사 공지에서 분배금 후보를 확보했으나 KIND·무분배·기업행동 검증 전이므로 TR 계산 차단.
window:250f5ac29175053375b6,KR7429000003,429000,2026-06-01,2026-06-30,issuer:tiger:notice:20260626:monthend,issuer_events_observed,pending,pending,blocked,2026-08-28T16:35:50+00:00,공식 운용사 공지에서 분배금 후보를 확보했으나 KIND·무분배·기업행동 검증 전이므로 TR 계산 차단.
window:2757d173f455fb043630,KR7433970001,433970,2026-07-01,2026-07-31,issuer:kodex:notice:20260728:monthend,issuer_events_observed,pending,pending,blocked,2026-08-28T16:35:50+00:00,공식 운용사 공지에서 분배금 후보를 확보했으나 KIND·무분배·기업행동 검증 전이므로 TR 계산 차단.
window:557fc3fe2e3ce1fc58a3,KR7433980000,433980,2026-07-01,2026-07-31,issuer:kodex:notice:20260728:monthend,issuer_events_observed,pending,pending,blocked,2026-08-28T16:35:50+00:00,공식 운용사 공지에서 분배금 후보를 확보했으나 KIND·무분배·기업행동 검증 전이므로 TR 계산 차단.
window:13d0f79baaf79249bab0,KR7434060000,434060,2026-07-01,2026-07-31,issuer:kodex:notice:20260728:monthend,issuer_events_observed,pending,pending,blocked,2026-08-28T16:35:50+00:00,공식 운용사 공지에서 분배금 후보를 확보했으나 KIND·무분배·기업행동 검증 전이므로 TR 계산 차단.
window:f1b6deecb91a665ca61a,KR7437070006,437070,2026-07-01,2026-07-31,issuer:kodex:notice:20260728:monthend,issuer_events_observed,pending,pending,blocked,2026-08-28T16:35:50+00:00,공식 운용사 공지에서 분배금 후보를 확보했으나 KIND·무분배·기업행동 검증 전이므로 TR 계산 차단.
window:e665e91e35ffec013cfc,KR7437080005,437080,2026-07-01,2026-07-31,issuer:kodex:notice:20260728:monthend,issuer_events_observed,pending,pending,blocked,2026-08-28T16:35:50+00:00,공식 운용사 공지에서 분배금 후보를 확보했으나 KIND·무분배·기업행동 검증 전이므로 TR 계산 차단.
window:c75faa7da5604c2e1bc7,KR7437370000,437370,2026-07-01,2026-07-31,issuer:rise:notice:20260728:monthend,issuer_events_observed,pending,pending,blocked,2026-08-28T16:35:50+00:00,공식 운용사 공지에서 분배금 후보를 확보했으나 KIND·무분배·기업행동 검증 전이므로 TR 계산 차단.
window:1cc7aa0cd6f22d873b75,KR7440340008,440340,2026-05-01,2026-05-31,issuer:tiger:notice:20260527:monthend,issuer_events_observed,pending,pending,blocked,2026-08-28T16:35:50+00:00,공식 운용사 공지에서 분배금 후보를 확보했으나 KIND·무분배·기업행동 검증 전이므로 TR 계산 차단.
window:e37ba5334c1918f67fe9,KR7440340008,440340,2026-06-01,2026-06-30,issuer:tiger:notice:20260626:monthend,issuer_events_observed,pending,pending,blocked,2026-08-28T16:35:50+00:00,공식 운용사 공지에서 분배금 후보를 확보했으나 KIND·무분배·기업행동 검증 전이므로 TR 계산 차단.
window:c33ad5eba0660154ae9a,KR7441680006,441680,2026-05-01,2026-05-31,issuer:tiger:notice:20260527:monthend,issuer_events_observed,pending,pending,blocked,2026-08-28T16:35:50+00:00,공식 운용사 공지에서 분배금 후보를 확보했으나 KIND·무분배·기업행동 검증 전이므로 TR 계산 차단.
window:3b0094a5a138569a7a5b,KR7441680006,441680,2026-06-01,2026-06-30,issuer:tiger:notice:20260626:monthend,issuer_events_observed,pending,pending,blocked,2026-08-28T16:35:50+00:00,공식 운용사 공지에서 분배금 후보를 확보했으나 KIND·무분배·기업행동 검증 전이므로 TR 계산 차단.
window:a2b79dc357254d9d52e5,KR7442320008,442320,2026-07-01,2026-07-31,issuer:rise:notice:20260728:monthend,issuer_events_observed,pending,pending,blocked,2026-08-28T16:35:50+00:00,공식 운용사 공지에서 분배금 후보를 확보했으나 KIND·무분배·기업행동 검증 전이므로 TR 계산 차단.
window:e466a4bcfe740d6903ba,KR7442550000,442550,2026-07-01,2026-07-31,issuer:rise:notice:20260728:monthend,issuer_events_observed,pending,pending,blocked,2026-08-28T16:35:50+00:00,공식 운용사 공지에서 분배금 후보를 확보했으나 KIND·무분배·기업행동 검증 전이므로 TR 계산 차단.
window:8c5edc50a14a19c2bc4f,KR7442560009,442560,2026-07-01,2026-07-31,issuer:rise:notice:20260728:monthend,issuer_events_observed,pending,pending,blocked,2026-08-28T16:35:50+00:00,공식 운용사 공지에서 분배금 후보를 확보했으나 KIND·무분배·기업행동 검증 전이므로 TR 계산 차단.
window:f76fb4e09c156964415f,KR7442570008,442570,2026-07-01,2026-07-31,issuer:rise:notice:20260728:monthend,issuer_events_observed,pending,pending,blocked,2026-08-28T16:35:50+00:00,공식 운용사 공지에서 분배금 후보를 확보했으나 KIND·무분배·기업행동 검증 전이므로 TR 계산 차단.
window:ea732e668251c94b3a13,KR7445150006,445150,2026-07-01,2026-07-31,issuer:kodex:notice:20260728:monthend,issuer_events_observed,pending,pending,blocked,2026-08-28T16:35:50+00:00,공식 운용사 공지에서 분배금 후보를 확보했으나 KIND·무분배·기업행동 검증 전이므로 TR 계산 차단.
window:9968e34472c689fc491f,KR7445290000,445290,2026-07-01,2026-07-31,issuer:kodex:notice:20260728:monthend,issuer_events_observed,pending,pending,blocked,2026-08-28T16:35:50+00:00,공식 운용사 공지에서 분배금 후보를 확보했으나 KIND·무분배·기업행동 검증 전이므로 TR 계산 차단.
window:bc3f9614984bfd597d1c,KR7446690000,446690,2026-07-01,2026-07-31,issuer:kodex:notice:20260728:monthend,issuer_events_observed,pending,pending,blocked,2026-08-28T16:35:50+00:00,공식 운용사 공지에서 분배금 후보를 확보했으나 KIND·무분배·기업행동 검증 전이므로 TR 계산 차단.
window:56eaf89482d8542290ff,KR7449180009,449180,2026-07-01,2026-07-31,issuer:kodex:notice:20260728:monthend,issuer_events_observed,pending,pending,blocked,2026-08-28T16:35:50+00:00,공식 운용사 공지에서 분배금 후보를 확보했으나 KIND·무분배·기업행동 검증 전이므로 TR 계산 차단.
window:8c91b65f8beeb0d9c3b7,KR7449190008,449190,2026-07-01,2026-07-31,issuer:kodex:notice:20260728:monthend,issuer_events_observed,pending,pending,blocked,2026-08-28T16:35:50+00:00,공식 운용사 공지에서 분배금 후보를 확보했으나 KIND·무분배·기업행동 검증 전이므로 TR 계산 차단.
window:c3f97bcb6a71126e96ac,KR7449580000,449580,2026-07-01,2026-07-31,issuer:rise:notice:20260728:monthend,issuer_events_observed,pending,pending,blocked,2026-08-28T16:35:50+00:00,공식 운용사 공지에서 분배금 후보를 확보했으나 KIND·무분배·기업행동 검증 전이므로 TR 계산 차단.
window:07315795b42ab76a63ce,KR7453330003,453330,2026-07-01,2026-07-31,issuer:rise:notice:20260728:monthend,issuer_events_observed,pending,pending,blocked,2026-08-28T16:35:50+00:00,공식 운용사 공지에서 분배금 후보를 확보했으나 KIND·무분배·기업행동 검증 전이므로 TR 계산 차단.
window:12329a8ac580b0ab66e2,KR7453630006,453630,2026-07-01,2026-07-31,issuer:kodex:notice:20260728:monthend,issuer_events_observed,pending,pending,blocked,2026-08-28T16:35:50+00:00,공식 운용사 공지에서 분배금 후보를 확보했으나 KIND·무분배·기업행동 검증 전이므로 TR 계산 차단.
window:37d8990dba0a9ecce0dd,KR7453640005,453640,2026-07-01,2026-07-31,issuer:kodex:notice:20260728:monthend,issuer_events_observed,pending,pending,blocked,2026-08-28T16:35:50+00:00,공식 운용사 공지에서 분배금 후보를 확보했으나 KIND·무분배·기업행동 검증 전이므로 TR 계산 차단.
window:3733ce3ba91e6d55d9bc,KR7453650004,453650,2026-07-01,2026-07-31,issuer:kodex:notice:20260728:monthend,issuer_events_observed,pending,pending,blocked,2026-08-28T16:35:50+00:00,공식 운용사 공지에서 분배금 후보를 확보했으나 KIND·무분배·기업행동 검증 전이므로 TR 계산 차단.
window:7ff747ab210208ae00b4,KR7453660003,453660,2026-07-01,2026-07-31,issuer:kodex:notice:20260728:monthend,issuer_events_observed,pending,pending,blocked,2026-08-28T16:35:50+00:00,공식 운용사 공지에서 분배금 후보를 확보했으나 KIND·무분배·기업행동 검증 전이므로 TR 계산 차단.
window:ea56babe07aa4fbcb702,KR7453810004,453810,2026-07-01,2026-07-31,issuer:kodex:notice:20260728:monthend,issuer_events_observed,pending,pending,blocked,2026-08-28T16:35:50+00:00,공식 운용사 공지에서 분배금 후보를 확보했으나 KIND·무분배·기업행동 검증 전이므로 TR 계산 차단.
window:ebd66f0e9345e7a28c60,KR7455030007,455030,2026-07-01,2026-07-31,issuer:kodex:notice:20260728:monthend,issuer_events_observed,pending,pending,blocked,2026-08-28T16:35:50+00:00,공식 운용사 공지에서 분배금 후보를 확보했으나 KIND·무분배·기업행동 검증 전이므로 TR 계산 차단.
window:166c873f4aec934db4c1,KR7456250000,456250,2026-07-01,2026-07-31,issuer:kodex:notice:20260728:monthend,issuer_events_observed,pending,pending,blocked,2026-08-28T16:35:50+00:00,공식 운용사 공지에서 분배금 후보를 확보했으나 KIND·무분배·기업행동 검증 전이므로 TR 계산 차단.
window:4302b2beb3f9eef5937d,KR7458260007,458260,2026-05-01,2026-05-31,issuer:tiger:notice:20260527:monthend,issuer_events_observed,pending,pending,blocked,2026-08-28T16:35:50+00:00,공식 운용사 공지에서 분배금 후보를 확보했으나 KIND·무분배·기업행동 검증 전이므로 TR 계산 차단.
window:e25af088e53a3279de3e,KR7458260007,458260,2026-06-01,2026-06-30,issuer:tiger:notice:20260626:monthend,issuer_events_observed,pending,pending,blocked,2026-08-28T16:35:50+00:00,공식 운용사 공지에서 분배금 후보를 확보했으나 KIND·무분배·기업행동 검증 전이므로 TR 계산 차단.
window:b3b68610c2ee7b3953ce,KR7458730009,458730,2026-05-01,2026-05-31,issuer:tiger:notice:20260527:monthend,issuer_events_observed,pending,pending,blocked,2026-08-28T16:35:50+00:00,공식 운용사 공지에서 분배금 후보를 확보했으나 KIND·무분배·기업행동 검증 전이므로 TR 계산 차단.
window:53e7a1c2fffc79002e7e,KR7458730009,458730,2026-06-01,2026-06-30,issuer:tiger:notice:20260626:monthend,issuer_events_observed,pending,pending,blocked,2026-08-28T16:35:50+00:00,공식 운용사 공지에서 분배금 후보를 확보했으나 KIND·무분배·기업행동 검증 전이므로 TR 계산 차단.
window:5a7b7481717f41f12f69,KR7458750007,458750,2026-06-01,2026-06-30,issuer:tiger:notice:20260611:midmonth,issuer_events_observed,pending,pending,blocked,2026-08-28T16:35:50+00:00,공식 운용사 공지에서 분배금 후보를 확보했으나 KIND·무분배·기업행동 검증 전이므로 TR 계산 차단.
window:87feca61e611b4540294,KR7458750007,458750,2026-07-01,2026-07-31,issuer:tiger:notice:20260713:midmonth,issuer_events_observed,pending,pending,blocked,2026-08-28T16:35:50+00:00,공식 운용사 공지에서 분배금 후보를 확보했으나 KIND·무분배·기업행동 검증 전이므로 TR 계산 차단.
window:37d0f168e76aef8f3b2e,KR7458750007,458750,2026-08-01,2026-08-31,issuer:tiger:notice:20260812:midmonth,issuer_events_observed,pending,pending,blocked,2026-08-28T16:35:50+00:00,공식 운용사 공지에서 분배금 후보를 확보했으나 KIND·무분배·기업행동 검증 전이므로 TR 계산 차단.
window:dd6e38af998766948184,KR7458760006,458760,2026-05-01,2026-05-31,issuer:tiger:notice:20260527:monthend,issuer_events_observed,pending,pending,blocked,2026-08-28T16:35:50+00:00,공식 운용사 공지에서 분배금 후보를 확보했으나 KIND·무분배·기업행동 검증 전이므로 TR 계산 차단.
window:40ed325fe4794a128ecb,KR7458760006,458760,2026-06-01,2026-06-30,issuer:tiger:notice:20260626:monthend,issuer_events_observed,pending,pending,blocked,2026-08-28T16:35:50+00:00,공식 운용사 공지에서 분배금 후보를 확보했으나 KIND·무분배·기업행동 검증 전이므로 TR 계산 차단.
window:3b95b39ee32c80405df1,KR7459560009,459560,2026-07-01,2026-07-31,issuer:kodex:notice:20260728:monthend,issuer_events_observed,pending,pending,blocked,2026-08-28T16:35:50+00:00,공식 운용사 공지에서 분배금 후보를 확보했으나 KIND·무분배·기업행동 검증 전이므로 TR 계산 차단.
window:c3860fc6fb86c5f4e5b1,KR7459580007,459580,2026-07-01,2026-07-31,issuer:kodex:notice:20260728:monthend,issuer_events_observed,pending,pending,blocked,2026-08-28T16:35:50+00:00,공식 운용사 공지에서 분배금 후보를 확보했으나 KIND·무분배·기업행동 검증 전이므로 TR 계산 차단.
window:1a7990f418034dd31ff7,KR7459750006,459750,2026-07-01,2026-07-31,issuer:rise:notice:20260728:monthend,issuer_events_observed,pending,pending,blocked,2026-08-28T16:35:50+00:00,공식 운용사 공지에서 분배금 후보를 확보했으나 KIND·무분배·기업행동 검증 전이므로 TR 계산 차단.
window:a25f25fe3af1857bb1aa,KR7460660004,460660,2026-07-01,2026-07-31,issuer:rise:notice:20260728:monthend,issuer_events_observed,pending,pending,blocked,2026-08-28T16:35:50+00:00,공식 운용사 공지에서 분배금 후보를 확보했으나 KIND·무분배·기업행동 검증 전이므로 TR 계산 차단.
window:1da26cda4b8b15a4cffc,KR7461950008,461950,2026-07-01,2026-07-31,issuer:kodex:notice:20260728:monthend,issuer_events_observed,pending,pending,blocked,2026-08-28T16:35:50+00:00,공식 운용사 공지에서 분배금 후보를 확보했으나 KIND·무분배·기업행동 검증 전이므로 TR 계산 차단.
window:5c3c6466373c843ce3fa,KR7463300004,463300,2026-07-01,2026-07-31,issuer:rise:notice:20260728:monthend,issuer_events_observed,pending,pending,blocked,2026-08-28T16:35:50+00:00,공식 운용사 공지에서 분배금 후보를 확보했으나 KIND·무분배·기업행동 검증 전이므로 TR 계산 차단.
window:1083a6cec1dd4b4ba134,KR7463640003,463640,2026-07-01,2026-07-31,issuer:kodex:notice:20260728:monthend,issuer_events_observed,pending,pending,blocked,2026-08-28T16:35:50+00:00,공식 운용사 공지에서 분배금 후보를 확보했으나 KIND·무분배·기업행동 검증 전이므로 TR 계산 차단.
window:ec4d0af151aa90cd2124,KR7463680009,463680,2026-07-01,2026-07-31,issuer:kodex:notice:20260728:monthend,issuer_events_observed,pending,pending,blocked,2026-08-28T16:35:50+00:00,공식 운용사 공지에서 분배금 후보를 확보했으나 KIND·무분배·기업행동 검증 전이므로 TR 계산 차단.
window:f609eacb6b9865cea647,KR7463690008,463690,2026-07-01,2026-07-31,issuer:kodex:notice:20260728:monthend,issuer_events_observed,pending,pending,blocked,2026-08-28T16:35:50+00:00,공식 운용사 공지에서 분배금 후보를 확보했으나 KIND·무분배·기업행동 검증 전이므로 TR 계산 차단.
window:91271a1a438c40a0ff81,KR7465670008,465670,2026-05-01,2026-05-31,issuer:tiger:notice:20260527:monthend,issuer_events_observed,pending,pending,blocked,2026-08-28T16:35:50+00:00,공식 운용사 공지에서 분배금 후보를 확보했으나 KIND·무분배·기업행동 검증 전이므로 TR 계산 차단.
window:edc5765c23056ea37643,KR7465670008,465670,2026-06-01,2026-06-30,issuer:tiger:notice:20260626:monthend,issuer_events_observed,pending,pending,blocked,2026-08-28T16:35:50+00:00,공식 운용사 공지에서 분배금 후보를 확보했으나 KIND·무분배·기업행동 검증 전이므로 TR 계산 차단.
window:cd0a1763bfc9466f5efc,KR7466940004,466940,2026-05-01,2026-05-31,issuer:tiger:notice:20260527:monthend,issuer_events_observed,pending,pending,blocked,2026-08-28T16:35:50+00:00,공식 운용사 공지에서 분배금 후보를 확보했으나 KIND·무분배·기업행동 검증 전이므로 TR 계산 차단.
window:86a792f4f3bd9d445946,KR7466940004,466940,2026-06-01,2026-06-30,issuer:tiger:notice:20260626:monthend,issuer_events_observed,pending,pending,blocked,2026-08-28T16:35:50+00:00,공식 운용사 공지에서 분배금 후보를 확보했으나 KIND·무분배·기업행동 검증 전이므로 TR 계산 차단.
window:5f105b88e1042541d786,KR7468370002,468370,2026-07-01,2026-07-31,issuer:kodex:notice:20260728:monthend,issuer_events_observed,pending,pending,blocked,2026-08-28T16:35:50+00:00,공식 운용사 공지에서 분배금 후보를 확보했으나 KIND·무분배·기업행동 검증 전이므로 TR 계산 차단.
window:661c984c727494ce948e,KR7468380001,468380,2026-07-01,2026-07-31,issuer:kodex:notice:20260728:monthend,issuer_events_observed,pending,pending,blocked,2026-08-28T16:35:50+00:00,공식 운용사 공지에서 분배금 후보를 확보했으나 KIND·무분배·기업행동 검증 전이므로 TR 계산 차단.
window:002321827653dade0252,KR7468630009,468630,2026-07-01,2026-07-31,issuer:kodex:notice:20260728:monthend,issuer_events_observed,pending,pending,blocked,2026-08-28T16:35:50+00:00,공식 운용사 공지에서 분배금 후보를 확보했으나 KIND·무분배·기업행동 검증 전이므로 TR 계산 차단.
window:362e545dfcdad256b04d,KR7469050009,469050,2026-07-01,2026-07-31,issuer:rise:notice:20260728:monthend,issuer_events_observed,pending,pending,blocked,2026-08-28T16:35:50+00:00,공식 운용사 공지에서 분배금 후보를 확보했으나 KIND·무분배·기업행동 검증 전이므로 TR 계산 차단.
window:57fd8b95a925ba5bf2d4,KR7469060008,469060,2026-07-01,2026-07-31,issuer:rise:notice:20260728:monthend,issuer_events_observed,pending,pending,blocked,2026-08-28T16:35:50+00:00,공식 운용사 공지에서 분배금 후보를 확보했으나 KIND·무분배·기업행동 검증 전이므로 TR 계산 차단.
window:a9be45e8c0a9ccff736e,KR7471990002,471990,2026-07-01,2026-07-31,issuer:kodex:notice:20260728:monthend,issuer_events_observed,pending,pending,blocked,2026-08-28T16:35:50+00:00,공식 운용사 공지에서 분배금 후보를 확보했으나 KIND·무분배·기업행동 검증 전이므로 TR 계산 차단.
window:dbc8044c3ada5522fedb,KR7472150002,472150,2026-05-01,2026-05-31,issuer:tiger:notice:20260527:monthend,issuer_events_observed,pending,pending,blocked,2026-08-28T16:35:50+00:00,공식 운용사 공지에서 분배금 후보를 확보했으나 KIND·무분배·기업행동 검증 전이므로 TR 계산 차단.
window:745442ac29e71380fc50,KR7472150002,472150,2026-06-01,2026-06-30,issuer:tiger:notice:20260626:monthend,issuer_events_observed,pending,pending,blocked,2026-08-28T16:35:50+00:00,공식 운용사 공지에서 분배금 후보를 확보했으나 KIND·무분배·기업행동 검증 전이므로 TR 계산 차단.
window:80bb939f5f5b7c4033ba,KR7472830009,472830,2026-07-01,2026-07-31,issuer:rise:notice:20260728:monthend,issuer_events_observed,pending,pending,blocked,2026-08-28T16:35:50+00:00,공식 운용사 공지에서 분배금 후보를 확보했으나 KIND·무분배·기업행동 검증 전이므로 TR 계산 차단.
window:228ea06990e3c56bd1d2,KR7472870005,472870,2026-07-01,2026-07-31,issuer:rise:notice:20260728:monthend,issuer_events_observed,pending,pending,blocked,2026-08-28T16:35:50+00:00,공식 운용사 공지에서 분배금 후보를 확보했으나 KIND·무분배·기업행동 검증 전이므로 TR 계산 차단.
window:5ec6c43f08430547124c,KR7473460004,473460,2026-07-01,2026-07-31,issuer:kodex:notice:20260728:monthend,issuer_events_observed,pending,pending,blocked,2026-08-28T16:35:50+00:00,공식 운용사 공지에서 분배금 후보를 확보했으나 KIND·무분배·기업행동 검증 전이므로 TR 계산 차단.
window:2f5d4f1f19ac59e0d3e1,KR7474220001,474220,2026-06-01,2026-06-30,issuer:tiger:notice:20260611:midmonth,issuer_events_observed,pending,pending,blocked,2026-08-28T16:35:50+00:00,공식 운용사 공지에서 분배금 후보를 확보했으나 KIND·무분배·기업행동 검증 전이므로 TR 계산 차단.
window:52219184c613354f427e,KR7474220001,474220,2026-07-01,2026-07-31,issuer:tiger:notice:20260713:midmonth,issuer_events_observed,pending,pending,blocked,2026-08-28T16:35:50+00:00,공식 운용사 공지에서 분배금 후보를 확보했으나 KIND·무분배·기업행동 검증 전이므로 TR 계산 차단.
window:0f0d1e9b5c9bf1f172ab,KR7474220001,474220,2026-08-01,2026-08-31,issuer:tiger:notice:20260812:midmonth,issuer_events_observed,pending,pending,blocked,2026-08-28T16:35:50+00:00,공식 운용사 공지에서 분배금 후보를 확보했으나 KIND·무분배·기업행동 검증 전이므로 TR 계산 차단.
window:be1b378d22d0cc6d498c,KR7475080008,475080,2026-07-01,2026-07-31,issuer:kodex:notice:20260728:monthend,issuer_events_observed,pending,pending,blocked,2026-08-28T16:35:50+00:00,공식 운용사 공지에서 분배금 후보를 확보했으나 KIND·무분배·기업행동 검증 전이므로 TR 계산 차단.
window:60dce3162184c182f2d4,KR7475350005,475350,2026-07-01,2026-07-31,issuer:rise:notice:20260728:monthend,issuer_events_observed,pending,pending,blocked,2026-08-28T16:35:50+00:00,공식 운용사 공지에서 분배금 후보를 확보했으나 KIND·무분배·기업행동 검증 전이므로 TR 계산 차단.
window:204d695211272aa63354,KR7475380002,475380,2026-07-01,2026-07-31,issuer:rise:notice:20260728:monthend,issuer_events_observed,pending,pending,blocked,2026-08-28T16:35:50+00:00,공식 운용사 공지에서 분배금 후보를 확보했으나 KIND·무분배·기업행동 검증 전이므로 TR 계산 차단.
window:678c991560b9e6ba4971,KR7475720009,475720,2026-07-01,2026-07-31,issuer:rise:notice:20260728:monthend,issuer_events_observed,pending,pending,blocked,2026-08-28T16:35:50+00:00,공식 운용사 공지에서 분배금 후보를 확보했으나 KIND·무분배·기업행동 검증 전이므로 TR 계산 차단.
window:adce1052133171faa231,KR7476070008,476070,2026-07-01,2026-07-31,issuer:kodex:notice:20260728:monthend,issuer_events_observed,pending,pending,blocked,2026-08-28T16:35:50+00:00,공식 운용사 공지에서 분배금 후보를 확보했으나 KIND·무분배·기업행동 검증 전이므로 TR 계산 차단.
window:bc1e0b311cef64f0e28d,KR7476310008,476310,2026-07-01,2026-07-31,issuer:rise:notice:20260728:monthend,issuer_events_observed,pending,pending,blocked,2026-08-28T16:35:50+00:00,공식 운용사 공지에서 분배금 후보를 확보했으나 KIND·무분배·기업행동 검증 전이므로 TR 계산 차단.
window:13e9313515a4939b95ed,KR7476550009,476550,2026-05-01,2026-05-31,issuer:tiger:notice:20260527:monthend,issuer_events_observed,pending,pending,blocked,2026-08-28T16:35:50+00:00,공식 운용사 공지에서 분배금 후보를 확보했으나 KIND·무분배·기업행동 검증 전이므로 TR 계산 차단.
window:bd09aad033bce169b6b4,KR7476550009,476550,2026-06-01,2026-06-30,issuer:tiger:notice:20260626:monthend,issuer_events_observed,pending,pending,blocked,2026-08-28T16:35:50+00:00,공식 운용사 공지에서 분배금 후보를 확보했으나 KIND·무분배·기업행동 검증 전이므로 TR 계산 차단.
window:d6e20e43de573b7d30f0,KR7476690003,476690,2026-05-01,2026-05-31,issuer:tiger:notice:20260527:monthend,issuer_events_observed,pending,pending,blocked,2026-08-28T16:35:50+00:00,공식 운용사 공지에서 분배금 후보를 확보했으나 KIND·무분배·기업행동 검증 전이므로 TR 계산 차단.
window:056a912c13016e892ea7,KR7476690003,476690,2026-06-01,2026-06-30,issuer:tiger:notice:20260626:monthend,issuer_events_observed,pending,pending,blocked,2026-08-28T16:35:50+00:00,공식 운용사 공지에서 분배금 후보를 확보했으나 KIND·무분배·기업행동 검증 전이므로 TR 계산 차단.
window:be8c4fab1a760677aed6,KR7477730006,477730,2026-07-01,2026-07-31,issuer:kodex:notice:20260728:monthend,issuer_events_observed,pending,pending,blocked,2026-08-28T16:35:50+00:00,공식 운용사 공지에서 분배금 후보를 확보했으나 KIND·무분배·기업행동 검증 전이므로 TR 계산 차단.
window:d1d52c968a2eb9ed8b95,KR7481050003,481050,2026-07-01,2026-07-31,issuer:kodex:notice:20260728:monthend,issuer_events_observed,pending,pending,blocked,2026-08-28T16:35:50+00:00,공식 운용사 공지에서 분배금 후보를 확보했으나 KIND·무분배·기업행동 검증 전이므로 TR 계산 차단.
window:91a0acf35337683f598d,KR7481340008,481340,2026-07-01,2026-07-31,issuer:rise:notice:20260728:monthend,issuer_events_observed,pending,pending,blocked,2026-08-28T16:35:50+00:00,공식 운용사 공지에서 분배금 후보를 확보했으나 KIND·무분배·기업행동 검증 전이므로 TR 계산 차단.
window:32195f429354457f0454,KR7482730009,482730,2026-05-01,2026-05-31,issuer:tiger:notice:20260527:monthend,issuer_events_observed,pending,pending,blocked,2026-08-28T16:35:50+00:00,공식 운용사 공지에서 분배금 후보를 확보했으나 KIND·무분배·기업행동 검증 전이므로 TR 계산 차단.
window:d871459866342edc8774,KR7482730009,482730,2026-06-01,2026-06-30,issuer:tiger:notice:20260626:monthend,issuer_events_observed,pending,pending,blocked,2026-08-28T16:35:50+00:00,공식 운용사 공지에서 분배금 후보를 확보했으나 KIND·무분배·기업행동 검증 전이므로 TR 계산 차단.
window:10396e8583de21245b12,KR7483280004,483280,2026-07-01,2026-07-31,issuer:kodex:notice:20260728:monthend,issuer_events_observed,pending,pending,blocked,2026-08-28T16:35:50+00:00,공식 운용사 공지에서 분배금 후보를 확보했으나 KIND·무분배·기업행동 검증 전이므로 TR 계산 차단.
window:ebc0fef7c654a7e91904,KR7483290003,483290,2026-07-01,2026-07-31,issuer:kodex:notice:20260728:monthend,issuer_events_observed,pending,pending,blocked,2026-08-28T16:35:50+00:00,공식 운용사 공지에서 분배금 후보를 확보했으나 KIND·무분배·기업행동 검증 전이므로 TR 계산 차단.
window:bb8c19e1d7f5c6903c53,KR7484790001,484790,2026-07-01,2026-07-31,issuer:kodex:notice:20260728:monthend,issuer_events_observed,pending,pending,blocked,2026-08-28T16:35:50+00:00,공식 운용사 공지에서 분배금 후보를 확보했으나 KIND·무분배·기업행동 검증 전이므로 TR 계산 차단.
window:3eb5f7d3890db0b8f89d,KR7485540009,485540,2026-07-01,2026-07-31,issuer:kodex:notice:20260728:monthend,issuer_events_observed,pending,pending,blocked,2026-08-28T16:35:50+00:00,공식 운용사 공지에서 분배금 후보를 확보했으나 KIND·무분배·기업행동 검증 전이므로 TR 계산 차단.
window:2e8491853666323edfe0,KR7485690002,485690,2026-07-01,2026-07-31,issuer:rise:notice:20260728:monthend,issuer_events_observed,pending,pending,blocked,2026-08-28T16:35:50+00:00,공식 운용사 공지에서 분배금 후보를 확보했으나 KIND·무분배·기업행동 검증 전이므로 TR 계산 차단.
window:eb91f836f40c8c623a30,KR7486290000,486290,2026-05-01,2026-05-31,issuer:tiger:notice:20260527:monthend,issuer_events_observed,pending,pending,blocked,2026-08-28T16:35:50+00:00,공식 운용사 공지에서 분배금 후보를 확보했으나 KIND·무분배·기업행동 검증 전이므로 TR 계산 차단.
window:e36b2019726fbe8beb1c,KR7486290000,486290,2026-06-01,2026-06-30,issuer:tiger:notice:20260626:monthend,issuer_events_observed,pending,pending,blocked,2026-08-28T16:35:50+00:00,공식 운용사 공지에서 분배금 후보를 확보했으나 KIND·무분배·기업행동 검증 전이므로 TR 계산 차단.
window:667250b7e3cd26fcf501,KR7487230005,487230,2026-07-01,2026-07-31,issuer:kodex:notice:20260728:monthend,issuer_events_observed,pending,pending,blocked,2026-08-28T16:35:50+00:00,공식 운용사 공지에서 분배금 후보를 확보했으나 KIND·무분배·기업행동 검증 전이므로 TR 계산 차단.
window:46446232d6a14dec1ff9,KR7487240004,487240,2026-07-01,2026-07-31,issuer:kodex:notice:20260728:monthend,issuer_events_observed,pending,pending,blocked,2026-08-28T16:35:50+00:00,공식 운용사 공지에서 분배금 후보를 확보했으나 KIND·무분배·기업행동 검증 전이므로 TR 계산 차단.
window:da5910cfb27a3a84f7fb,KR7487950008,487950,2026-07-01,2026-07-31,issuer:kodex:notice:20260728:monthend,issuer_events_observed,pending,pending,blocked,2026-08-28T16:35:50+00:00,공식 운용사 공지에서 분배금 후보를 확보했으나 KIND·무분배·기업행동 검증 전이므로 TR 계산 차단.
window:cffc10bf409d2c4dfb38,KR7488480005,488480,2026-07-01,2026-07-31,issuer:rise:notice:20260728:monthend,issuer_events_observed,pending,pending,blocked,2026-08-28T16:35:50+00:00,공식 운용사 공지에서 분배금 후보를 확보했으나 KIND·무분배·기업행동 검증 전이므로 TR 계산 차단.
window:7ab69b92775b1e658c02,KR7490590007,490590,2026-07-01,2026-07-31,issuer:rise:notice:20260728:monthend,issuer_events_observed,pending,pending,blocked,2026-08-28T16:35:50+00:00,공식 운용사 공지에서 분배금 후보를 확보했으나 KIND·무분배·기업행동 검증 전이므로 TR 계산 차단.
window:5da2c64f858600bfd082,KR7491090007,491090,2026-07-01,2026-07-31,issuer:kodex:notice:20260728:monthend,issuer_events_observed,pending,pending,blocked,2026-08-28T16:35:50+00:00,공식 운용사 공지에서 분배금 후보를 확보했으나 KIND·무분배·기업행동 검증 전이므로 TR 계산 차단.
window:26b667b78e3d50a42885,KR7491620001,491620,2026-07-01,2026-07-31,issuer:rise:notice:20260728:monthend,issuer_events_observed,pending,pending,blocked,2026-08-28T16:35:50+00:00,공식 운용사 공지에서 분배금 후보를 확보했으나 KIND·무분배·기업행동 검증 전이므로 TR 계산 차단.
window:b93e181de7b2d87b128b,KR7493810006,493810,2026-06-01,2026-06-30,issuer:tiger:notice:20260611:midmonth,issuer_events_observed,pending,pending,blocked,2026-08-28T16:35:50+00:00,공식 운용사 공지에서 분배금 후보를 확보했으나 KIND·무분배·기업행동 검증 전이므로 TR 계산 차단.
window:e075d9601795c0933e79,KR7493810006,493810,2026-07-01,2026-07-31,issuer:tiger:notice:20260713:midmonth,issuer_events_observed,pending,pending,blocked,2026-08-28T16:35:50+00:00,공식 운용사 공지에서 분배금 후보를 확보했으나 KIND·무분배·기업행동 검증 전이므로 TR 계산 차단.
window:d700f3612748a4c8403a,KR7493810006,493810,2026-08-01,2026-08-31,issuer:tiger:notice:20260812:midmonth,issuer_events_observed,pending,pending,blocked,2026-08-28T16:35:50+00:00,공식 운용사 공지에서 분배금 후보를 확보했으나 KIND·무분배·기업행동 검증 전이므로 TR 계산 차단.
window:2b81260e9b628c17f144,KR7494300007,494300,2026-07-01,2026-07-31,issuer:kodex:notice:20260728:monthend,issuer_events_observed,pending,pending,blocked,2026-08-28T16:35:50+00:00,공식 운용사 공지에서 분배금 후보를 확보했으나 KIND·무분배·기업행동 검증 전이므로 TR 계산 차단.
window:f004e278959e7b710d9c,KR7494890007,494890,2026-07-01,2026-07-31,issuer:kodex:notice:20260728:monthend,issuer_events_observed,pending,pending,blocked,2026-08-28T16:35:50+00:00,공식 운용사 공지에서 분배금 후보를 확보했으나 KIND·무분배·기업행동 검증 전이므로 TR 계산 차단.
window:32b002243ad806fb71ea,KR7495850000,495850,2026-07-01,2026-07-31,issuer:kodex:notice:20260728:monthend,issuer_events_observed,pending,pending,blocked,2026-08-28T16:35:50+00:00,공식 운용사 공지에서 분배금 후보를 확보했으나 KIND·무분배·기업행동 검증 전이므로 TR 계산 차단.
window:d84cabd216ea87b04810,KR7495940009,495940,2026-07-01,2026-07-31,issuer:rise:notice:20260728:monthend,issuer_events_observed,pending,pending,blocked,2026-08-28T16:35:50+00:00,공식 운용사 공지에서 분배금 후보를 확보했으나 KIND·무분배·기업행동 검증 전이므로 TR 계산 차단.
window:66b7d6b912d4715c4bab,KR7496080003,496080,2026-05-01,2026-05-31,issuer:tiger:notice:20260527:monthend,issuer_events_observed,pending,pending,blocked,2026-08-28T16:35:50+00:00,공식 운용사 공지에서 분배금 후보를 확보했으나 KIND·무분배·기업행동 검증 전이므로 TR 계산 차단.
window:1242ff9567d10fd6e5dd,KR7496080003,496080,2026-06-01,2026-06-30,issuer:tiger:notice:20260626:monthend,issuer_events_observed,pending,pending,blocked,2026-08-28T16:35:50+00:00,공식 운용사 공지에서 분배금 후보를 확보했으나 KIND·무분배·기업행동 검증 전이므로 TR 계산 차단.
window:865f74de2be6c30eb8ff,KR7498410000,498410,2026-07-01,2026-07-31,issuer:kodex:notice:20260728:monthend,issuer_events_observed,pending,pending,blocked,2026-08-28T16:35:50+00:00,공식 운용사 공지에서 분배금 후보를 확보했으나 KIND·무분배·기업행동 검증 전이므로 TR 계산 차단.
window:23f5204f742c52c15fd6,KR7498610005,498610,2026-07-01,2026-07-31,issuer:rise:notice:20260728:monthend,issuer_events_observed,pending,pending,blocked,2026-08-28T16:35:50+00:00,공식 운용사 공지에서 분배금 후보를 확보했으나 KIND·무분배·기업행동 검증 전이므로 TR 계산 차단.
window:6905af9827d32cb3473a,KR7499660009,499660,2026-05-01,2026-05-31,issuer:tiger:notice:20260527:monthend,issuer_events_observed,pending,pending,blocked,2026-08-28T16:35:50+00:00,공식 운용사 공지에서 분배금 후보를 확보했으나 KIND·무분배·기업행동 검증 전이므로 TR 계산 차단.
window:27729a1804f607e8b2f7,KR7499660009,499660,2026-06-01,2026-06-30,issuer:tiger:notice:20260626:monthend,issuer_events_observed,pending,pending,blocked,2026-08-28T16:35:50+00:00,공식 운용사 공지에서 분배금 후보를 확보했으나 KIND·무분배·기업행동 검증 전이므로 TR 계산 차단.
